id,countryCode,name,city,address,postalCode,latitude,longitude,updated,comment
8287,LV,Lidl (Latvijas Pasts),Rīga,Lāčplēša iela 76,LV-1011,56.948211122,24.133679174,2026-03-12 12:51:08.977,
9177,EE,Torupilli Selver,Tallinn,Vesivärava 37,10152,59.4324213,24.7800156,2026-03-12 10:48:07.289,
9185,EE,Selver Hiiumaa,Linnumäe,Rehemäe, Linnumäe küla, Hiiumaa,92422,58.98964581,22.7639121,2026-03-12 16:58:29.349,
2904,LT,Gulbelė,Užventis,Kražių g. 11,86345,55.7811,22.65301,2026-03-05 09:49:29.067,
8114,LV,Maxima,Jūrmala,Dārzkopības iela 19,LV-2010,56.974986,23.854115,2026-03-12 19:09:58.032,
8110,LV,Maxima,Daugavpils,Smilšu iela 98A,LV-5410,55.889280,26.553594,2026-03-12 19:09:05.186,
9192,EE,Keila keskus,Keila,Harju tn 2,76607,59.316302479,24.410522998,2026-03-06 08:18:32.155,
9179,EE,Merimetsa Selver,Tallinn,Paldiski mnt. 53,10614,59.430375890,24.697392303,2026-03-12 18:43:32.104,
9187,EE,Pelgulinna Selver,Tallinn,Sõle tn 51,10318,59.444896495,24.700463390,2026-03-12 18:45:01.26,
0270,LT,Norfa,Kaunas,R. Kalantos g. 76,52364,54.892875,23.996807,2026-03-02 12:00:18.654,
0277,LT,IKI,Kaunas,Brastos g. 28,47185,54.90,23.88,2026-03-05 13:48:21.661,
9184,EE,Valdeku Selver,Tallinn,Vabaduse pst 54b,11615,59.381535631,24.700924551,2026-03-12 19:00:28.158,
9183,EE,Ülejõe Selver,Pärnu,Tallinna mnt. 93a / Roheline tn 80,80041,58.408501720,24.493959048,2026-03-12 18:46:09.911,
0806,LT,Skaudvilės prekyba,Skaudvilė,Tauragės g. 15,73437,55.405967,22.579214,2026-02-23 08:44:27.06,
9166,EE,Tähesaju Selver,Tallinn,Tähesaju tee 1,13917,59.442045186,24.849577715,2026-03-12 18:46:52.388,
9180,EE,Kakumäe Selver,Tallinn,Rannamõisa tee 6,13516,59.428308508,24.626618015,2026-03-12 18:48:28.032,
9165,EE,Aardla Selver,Tartu,Võru tn 77,50112,58.357609239,26.721468689,2026-03-12 18:47:57.872,
3403,LT,Merkinės seniūnija,Merkinė,Gardino g. 1,65334,54.162743,24.18586,2026-02-23 16:06:45.481,
9178,EE,Kadaka Selver,Tallinn,Kadaka tee 56a, Tallinn,12915,59.412526711,24.667385313,2026-03-12 18:52:54.761,
9176,EE,Vahi Selver,Tartu,Vahi tn 62,50304,58.401752170,26.720764231,,
8095,LV,Maxima,Aizpute,Kalvenes iela 11,LV-3456,56.717253,21.610201,2026-03-12 19:07:49.804,
8195,LV,Zaļenieki Top (Latvijas Pasts),Zaļenieki,Centra iela 7,LV-3011,56.526380037,23.510657053,2026-02-06 11:47:57.051,
8194,LV,Olaine Rimi (Latvijas Pasts),Olaine,Stacijas iela 8,LV-2114,56.785880659,23.943302645,2026-02-06 11:48:33.604,
8190,LV,Jelgava TC Pilsētas Pasāža (Latvijas Pasts),Jelgava,Driksas iela 4,LV-3001,56.650928249,23.724098723,2026-02-06 11:51:08.415,
8274,LV,Rimi (Latvijas Pasts),Rīga,Augusta Deglava iela 100,LV-1082,56.948592087,24.186909523,2026-02-13 16:04:31.152,
8241,LV,Lidl (Latvijas Pasts),Rīga,Ķīšezera iela 8,LV-1014,56.992810072,24.167183578,2026-02-13 16:37:57.963,
8197,LV,Daugavpils Lielā iela Labais (Latvijas Pasts),Daugavpils,Lielā iela 44,LV-5418,55.865483819,26.502984173,2026-02-06 11:51:56.737,
9167,EE,Raasiku Konsum,Raasiku,Tallinna mnt 19,75203,59.369767013,25.182400213,,
8285,LV,Tallinas iela (Latvijas Pasts),Rīga,Tallinas iela 66B,LV-1009,56.957910060,24.144730663,2026-02-13 17:19:11.919,
8284,LV,Imantas tirgus (Latvijas Pasts),Rīga,Kurzemes prospekts 3,LV-1067,56.956335427,24.036682613,2026-02-13 16:41:51.73,
8283,LV,Rimi (Latvijas Pasts),Ikšķile,Peldu iela 2,LV-5052,56.832192306,24.490849532,2026-02-04 09:21:06.983,
3304,LT,Gulbelė,Kudirkos Naumiestis,Tilto g. 11,71318,54.7757,22.8643,,
2805,LT,Aibė,Smalininkai,Nemuno g. 32,74224,55.0736,22.5840,2026-02-23 15:20:51.645,
8122,LV,Alba,Viļāni,Raiņa iela 23,LV-4650,56.545794,26.925125,2026-01-20 10:49:40.598,
1009,LT,Žeimių seniūnija,Žeimiai,Kauno g. 47,55384,55.180,24.220,2026-01-19 08:38:13.112,Paštomatas stovi prie fasado ir matomas iš Kauno gatvės.
8282,LV,Pilsētas dome (Latvijas Pasts),Grobiņa,Lielā iela 76,LV-3430,56.535082623,21.169590610,2026-02-06 12:13:35.569,
9175,EE,Kalda Maxima,Tartu,Kalda tee 15,50703,58.3713152,26.76273578,2026-02-06 13:27:14.281,
9174,EE,Anne Maxima,Tartu,Anne tn 57,50703,58.37515121,26.7563631,2026-02-06 13:27:06.281,
9173,EE,Viimsi Maxima,Haabneeme,Pargi tee 22,74001,59.50524,24.82940,2026-02-06 13:26:50.898,
1008,LT,Kultūros centras,Šveicarija,Pergalės g. 17A,55302,55.044,24.257,2026-01-16 11:17:19.099,
0024,LT,PC Pikas,Vilnius,Ukmergės g. 221,07156,54.7147,25.2489,,
3204,LT,Swedbank,Prienai,Vytauto g. 33,59124,54.6348,23.9462,,
8106,LV,Top,Dagda,Daugavpils iela 6,LV-5674,56.095727,27.539351,2026-01-22 15:50:04.627,
9163,EE,Muraste Konsum,Muraste,Lee tee 1,76905,59.455010125,24.444089498,2026-01-01 12:30:09.043,Paštomatas stovi dešinėje įėjimo į parduotuvę pusėje.
9171,EE,Maxima Astangu,Tallinn,Astangu 27a,13519,59.40516900,24.638344515,2026-02-06 13:26:32.362,
9168,EE,Haabersti Rimi,Tallinn,Haabersti tn 1,13516,59.424976586,24.645139794,2026-02-06 13:25:39.059,
9164,EE,Juri Konsum,Jüri,Aruküla tee 29,75301,59.35831541,24.912436326,2026-02-06 13:25:25.798,
1810,LT,AIBĖ,Kūlupėnai,Mokyklos g. 3,97335,55.9609,21.47729,2026-01-13 13:13:04.821,
8123,LV,Lats,Līči,Rīgas iela 19,LV-2118,56.947737,24.359271,2026-01-01 12:30:05.603,Siuntų automatas yra lauke, dešinėje nuo įėjimo.
9172,EE,Keemikute Maxima,Maardu,Keemikute 2,74111,59.473732100,25.019325969,2026-02-06 13:26:40.847,
0276,LT,Čia Market,Kaunas,Šiaurės pr. 47,49200,54.9305,23.95761,2026-03-05 13:48:13.594,
1809,LT, Prekybos aikštė,Darbėnai,Vytauto g. 2,97264,56.0238,21.2571,2026-01-08 10:53:15.69,
8281,LV,Rucava Centra dzirnavas (Latvijas Pasts),Rucava,Centra dzirnavas,LV-3477,56.158460389,21.161494311,2026-02-06 12:13:25.084,
8120,LV,Lats,Daugavpils,Šūņu iela 7,LV-5422,55.899508,26.518036,2026-01-01 12:30:05.594,Siuntų automatas yra lauke, kairėje nuo įėjimo.
9170,EE,Põhja Rimi super,Tallinn,Põhja pst 17,10414,59.444262642,24.742804489,2026-02-06 13:26:04.196,
0275,LT,PC Vaišvydava,Kaunas,Piliuonos g. 32,45481,54.8517,24.0226,2026-01-01 12:30:02.567,Paštomatas stovi prie pastato sienos ir matomas iš Dubravų gatvės pusės.
0009,LT,Lidl,Vilnius,Mokslininkų g. 11B,08466,54.75468,25.26045,2026-01-01 12:30:00.824,Paštomatas stovi prekybos centro vidinėje-antžemininėje automobilių parkavimo aikštelėje.
8119,LV,Top,Malta,1. maija iela 79A,LV-4630,56.347960,27.164834,2026-01-01 12:30:05.59,Siuntų automatas yra lauke. Nuo įėjimo už kairiojo kampo.
1606,LT,RIMI,Ukmergė,Vytauto g. 60,20111,55.254,24.776,2026-01-01 12:30:03.708,Paštomatas stovi prie įėjimo. Matomas nuo Vytauto g.
0274,LT,IKI,Kaunas,Savanorių pr. 111,44146,54.904798,23.916334,2026-01-01 12:30:02.557,Paštomatą rasite prie šiaurinės pastato sienos iš Kanklių g. pusės
9169,EE,Jannseni Maxima,Tallinn,Vabaduse pst 128,10918,59.373348591,24.664927737,2026-02-06 13:25:50.756,
0418,LT,Elimart,Šiauliai,Gegužių g. 11,78312,55.901,23.268,2026-01-01 12:30:02.944,Paštomatas stovi prie fasado, matomas iš Gegužių g.
8109,LV,Maxima,Daugavpils,Piekrastes iela 29,LV-5422,55.899424,26.531239,2026-02-26 20:43:41.967,
0709,LT,Norfa,Alytus,A. Jonyno g. 10C,62373,54.4131,24.0219,2026-03-12 15:40:41.136,
0515,LT,Norfa,Panevėžys,Nemuno g. 29B,36243,55.7195,24.3508,2026-01-01 12:30:03.075,Paštomatas stovi lauke prie prekybos centro pastato sienos, matomas nuo Nemuno g. pusės.
0022,LT,RIMI-Čekoniškės,Vilnius,Pilaitės pr. 65,06290,54.71128,25.1689,2026-01-01 12:30:00.859,Paštomatas stovi vidinėje automobilių parkavimo aikštelėje šalia elektromobilių įkrovimo vietų bei Rimi-drive ženklo.
9149,EE,Rebase Rimi,Tartu,Rebase tn 10,50104,58.368477173,26.739095594,2026-02-06 13:22:25.568,
7579,LT,Šilas (uDrop),Vilnius,Girulių g. 2,12136,54.737640,25.217764,2026-02-02 11:05:16.381,
4103,LT,MAXIMA,Molėtai,Sakalo g. 1,33133,55.221,25.434,2026-01-01 12:30:04.468,Paštomatas stovi prie pastato šoninės sienos ir yra matomas nuo Sakalo gatvės pusės.
0417,LT,Norfa,Šiauliai,Tilžės g. 59 A,78186,55.9170,23.2824,2026-01-01 12:30:02.935,Paštomatas stovi lauke prie prekybos centro pastato šoninės sienos.
1405,LT,Norfa,Vilkaviškis,Nepriklausomybės g. 61,70111,54.6585,23.0300,2026-01-01 12:30:03.577,Paštomatas stovi lauke prie prekybos centro sienos.
1906,LT,Norfa,Radviliškis,Vasario 16-osios g. 10,82135,55.8071,23.5413,2026-01-01 12:30:03.923,Paštomatas stovi lauke prie prekybos centro šoninės sienos.
0331,LT,Norfa,Klaipėda,Vingio g. 21 A,95203,55.6682,21.1955,2026-01-13 13:11:04.679,
0329,LT,Lidl,Klaipėda,Statybininkų pr. 18,94226,55.6747,21.1746,2026-01-13 13:12:41.355,
2605,LT,MAXIMA,Raseiniai,Vilniaus g. 93,60170,55.379,23.114,2026-02-26 08:55:11.785,
1205,LT,MAXIMA,Kėdainiai,S. Dariaus ir S. Girėno g. 50a,57125,55.31,23.98,2026-01-01 12:30:03.491,Paštomatas matomas iš S. Dariaus ir S, Gireno bei Šilo gatvių pusių.
1808,LT,MAXIMA,Kretinga,Rotušės a. 15,97140,55.8897,21.2408,2026-01-13 13:10:07.163,
8104,LV,Top,Strenči,Valkas iela 2,LV-4730,57.627139,25.689100,2026-01-01 12:30:05.531,Siuntų automatas yra lauke, kairėje nuo įėjimo.
2204,LT,Norfa,Palanga,Bangų g. 11A,00157,55.925829,21.076933,2026-01-01 12:30:04.039,Paštomatas įrengtas pagrindinio įėjimo į Norfa parduotuvę dešinėje
1807,LT,Skuoda kvietka,Skuodas,Vilniaus g. 34B,98117,56.27,21.54,2026-01-13 13:09:29.906,
1305,LT,TULPĖ,Telšiai,Kęstučio g. 4,87122,55.98,22.25,2026-01-01 12:30:03.524,Paštomatas stovi šalia Telšių prokurotūros pastato, vidieniame kiemelyje.
8116,LV,Top,Ilūkste,Stadiona iela 9,LV-5447,55.978447,26.294395,2026-01-01 12:30:05.574,Siuntų automatas yra lauke, dešinėje nuo įėjimo.
8103,LV,Top,Daugavpils,A.Pumpura iela 12,LV-5404,55.871054,26.543682,2026-01-01 12:30:05.527,Siuntų automatas yra lauke, kairėje nuo įėjimo.
1006,LT,Norfa,Jonava,Žeimių g. 26 A,55118,55.0845,24.2737,2026-01-01 12:30:03.4,Paštomatas stovi lauke. Prie prekybos centro pastato sienos.
0273,LT,Norfa,Garliava,Atgimimo g. 1,53254,54.829195,23.873300,2026-01-01 12:30:02.542,Paštomatas stovi lauke. Prie prekybos centro fasadinės sienos.
0271,LT,IKI,Kaunas,Medvėgalio g. 23a,44451,54.88,23.95,2026-01-01 12:30:02.535,Paštomatas stovi prie pastato fasado ir matomas iš Ašmenos 2-osios gatvės pusės.
0514,LT,Lidl,Panevėžys,Klaipėdos g. 109 ,37384,55.72949,24.32064,2026-01-01 12:30:03.063,Paštomatas stovi lauke,prekybos centro automobilių parkavimo aikštėje.
8096,LV,Mego,Kārsava,Malnavas iela 2,LV-5717,56.780509,27.677193,2026-01-01 12:30:05.482,Siuntų automatas yra lauke, kairėje nuo įėjimo.
9162,EE,Kuressaare Toidumaailm,Kuressaare,Raekoja tn 1,93814,58.252198946,22.485922688,2026-02-06 13:25:14.036,
9161,EE,Liiva Konsum,Liiva,Liiva küla,94701,58.606109958,23.231934254,2026-01-01 12:30:09.032,Paštomatas stovi dešinėje įėjimo į parduotuvę pusėje.
9158,EE,Alliku Rimi,Alliku,Instituudi tee 132,76403,59.35783022,24.602146568,2026-02-06 13:24:08.579,
9156,EE,Sindi Maxima,Sindi,Pärnu mnt 57,86703,58.408189987,24.659388558,2026-02-06 13:23:40.992,
2804,LT,Lidl ,Jurbarkas,Dariaus ir Girėno g. 83 ,74185,55.07896,22.77716,2026-01-01 12:30:04.22,Paštomatas stovi lauke, šalia prekybos centro automobilių stovėjimo aikštelės.
1007,LT,IKI-DOBILAS,Jonava,Chemikų g. 1,55240,55.073,24.25,2026-01-01 12:30:03.404,Paštomatas matomas nuo Pociūno gatvės ir stovi parkavimo aikštelėje.
8115,LV,Top,Zilupe,Brīvības iela 34,LV-5751,56.388666,28.121396,2026-01-01 12:30:05.57,Siuntų automatas yra lauke, kairėje nuo įėjimo.
8097,LV,Maxima,Ludza,Latgales iela 61,LV-5701,56.544313,27.711214,2026-01-01 12:30:05.486,Siuntų automatas yra lauke, dešinėje nuo įėjimo.
2504,LT,MAXIMA,Druskininkai,Veisiejų g. 31,66245,54.02,24.00,2026-01-01 12:30:04.131,Paštomatas matomas iš Veisiejų gatvės pusės.
9152,EE,Paldiski Maxima,Paldiski,Rae tn 14b,76805,59.347770186,24.062506739,2026-01-01 12:30:08.969,Paštomatas stovi dešinėje įėjimo į parduotuvę pusėje.
9150,EE,Vilde Rimi,Tallinn,E. Vilde tee 101,12911,59.404540774,24.676067868,2026-02-06 13:22:37.618,
9148,EE,Hiiu Rimi,Tallinn,Pärnu mnt. 386,11612,59.382906100,24.666570918,2026-02-06 13:22:13.461,
9145,EE,Rapla Selver,Rapla,Tallinna tn 4,79511,59.01000357,24.793494912,2026-01-01 12:30:08.917,Paštomatas stovi kairėje įėjimo į parduotuvę pusėje.
9138,EE,Turba kauplus,Turba,Jaama tee 8,76201,59.08056966,24.236574401,2026-01-01 12:30:08.875,Paštomatas stovi dešinėje įėjimo į parduotuvę pusėje.
9137,EE,Nissi kauplus,Riisipere,Nissi tee 51,76202,59.104490674,24.312030380,2026-02-06 15:46:11.948,
9146,EE,Lai parkla,Tartu,Lai tn 7, Tartu,51005,58.382268408,26.717182606,2026-02-06 13:21:45.93,
8099,LV,Elvi,Ulbroka,Peldu iela 2,LV-2130,56.939381,24.291989,2026-01-01 12:30:05.5,Siuntų automatas yra lauke, kairiajame kampe nuo įėjimo.
0416,LT,Rimi Lieporiai,Šiauliai,Statybininkų g. 23 ,76373,55.90458,23.28624,2026-01-01 12:30:02.932,Paštomatas stovi lauke prie prekybos centro šoninės sienos.
8107,LV,Citro,Talsi,Raiņa iela 26,LV-3201,57.241948,22.580848,2026-02-05 11:31:16.559,
1605,LT,MAXIMA,Ukmergė,Antakalnio g. 67,20150,55.24,24.79,2026-01-01 12:30:03.698,Paštomatas matomas iš Antakalnio gatvės pusės.
0014,LT,HUMANA,Vilnius,Kęstučio g. 41A, Vilnius,08123,54.6942531,25.2510377,2026-01-01 12:30:00.848,Paštomatas yra prie pagrindinio įėjimo į pastatą ir matomas iš Kęstučio gatvės pusės.
9133,EE,Kopli Maxima,Tallinn,Kopli tn 69b,10312,59.454521214,24.689552121,2026-02-06 13:14:59.636,
8117,LV,Rimi,Saulkrasti,Ainažu iela 30,LV-2160,57.272375,24.416682,2026-01-01 12:30:05.584,Paštomatas yra lauke
9157,EE,Männiku Rimi,Tallinn,Männiku tee 100,11215,59.372121669,24.716551364,2026-02-06 13:23:50.997,
8572,LV,Priedaine (uDrop),Jūrmala,Lielais Prospekts 10,LV-2010,56.973401,23.892533,2026-01-01 12:30:06.34,Paštomatas stovi dešinėje įėjimo į parduotuvę pusėje.
8571,LV,Citro (uDrop),Jelgava,Zvejnieku iela 13,LV-3007,56.660531,23.709341,2026-01-01 12:30:06.337,Paštomatas stovi dešinėje įėjimo į parduotuvę pusėje.
8570,LV,Top (uDrop),Gardene,Priežu iela 23,LV-3701,56.648912,23.222662,2026-01-01 12:30:06.332,Paštomatas stovi dešinėje įėjimo į parduotuvę pusėje.
8569,LV,AIBE (uDrop),Cēsis,Saules iela 4,LV-4101,57.305049,25.295249,2026-01-01 12:30:06.329,Paštomatas stovi dešinėje įėjimo į parduotuvę pusėje.
8563,LV,Rimi (uDrop),Daugavpils,Smilšu iela 92B,LV-5410,55.886631,26.553867,2026-01-01 12:30:06.29,Paštomatas stovi dešinėje pastato pusėje, priešais Miera gatvę.
9151,EE,Rocca al Mare,Tallinn,Paldiski mnt 102,13522,59.42592275,24.650470011,2026-02-06 13:23:05.238,
9147,EE,Aardla Rimi,Tartu,Võru tn 170,50112,58.35620156,26.722492346,2026-02-06 13:21:58.552,
8118,LV,TC Juglas centrs (aiz McDonalds),Rīga,Juglas krastmala 2,LV-1024,56.989383,24.244570,2026-02-05 11:31:54.526,
0805,LT,MAXIMA,Tauragė,Šlaito g. 1,72112,55.24,22.27,2026-01-01 12:30:03.281,Paštomatas matomas iš Šlaito g. pusės.
8101,LV,Rimi,Bauska,Zaļā iela 3,LV-3901,56.406963,24.194052,2026-01-01 12:30:05.51,Paštomatas yra lauke
8098,LV,Pilskalns,Baldone,Pilskalna iela 2,LV-2125,56.742967,24.391166,2026-01-01 12:30:05.49,Paštomatas yra lauke
2604,LT,AIBĖ,Viduklė,Kęstučio g. 12,60347,55.398,22.902,2026-01-01 12:30:04.156,Paštomatas matomas iš Kęstučio g. pusės.
8113,LV,Maxima,Kandava,Abavas iela 4b,LV-3120,57.035946,22.781413,2026-01-01 12:30:05.567,Paštomatas yra lauke
8100,LV,Rimi,Rīga,Ķīšezera iela 6,LV-1014,56.992016,24.166681,2026-02-05 11:30:15.933,
0332,LT,Lidl,Klaipėda,Piligrimų g. 2,92343,55.73434,21.18756,2026-01-13 13:08:54.035,
0516,LT,IKI-DEMBAVA,Panevėžys,Vilniaus g. 60,36105,55.72,24.38,2026-01-01 12:30:03.08,Paštomatas matomas iš Vilniaus gatvės pusės ir stovi prie pastato fasado.
0330,LT,Rimi Tauralaukis,Klaipėda,Pajūrio g. 5A,92347,55.7538,21.1505,2026-01-13 13:08:18.562,
9153,EE,Kõrveküla kauplus,Kõrveküla,Vasula tee 4,60512,58.419788578,26.761417048,2026-01-01 12:30:08.974,Paštomatas stovi dešinėje įėjimo į parduotuvę pusėje.
9144,EE,Maxima Keskalle,Kohtla-Järve,Keskallee 12,30322,59.402431986,27.284898796,2026-02-06 13:21:31.02,
9140,EE,Peetri keskus,Peetri,Küti tee 4,75312,59.397680141,24.806429466,2026-02-18 16:23:06.751,
8112,LV,Maxima,Baloži,Baložu iela 5,LV-2128,56.883223,24.149784,2026-01-01 12:30:05.564,Paštomatas yra lauke
8105,LV,Top,Jaunolaine,Baznīcas iela 10,LV-2127,56.801850,23.984984,2026-01-01 12:30:05.534,Paštomatas yra lauke
9160,EE,Maxima Mõisa,Narva,Mõisa tn 8,21007,59.377603050,28.170010378,2026-01-29 10:30:53.1,
9159,EE,Maxima Kreenholmi,Narva,Kreenholmi tn 54,20104,59.364519976,28.187562899,2026-01-29 10:33:36.889,
9109,EE,Kakumäe parkla,Tallinn,Kakumäe tee 42,13516,59.442944266,24.59460809,2026-01-01 12:30:08.691,Paštomatas stovi  kairėje įvažiavimo į parkavimo aikštelę pusėje.
8196,LV,Ērberģe Pakalpojumu centrs (Latvijas Pasts),Ērberģe,Liepu iela 2,LV-5133,56.369037122,25.018213186,2026-02-06 11:51:39.014,
0611,LT,IKI,Marijampolė,Vilkaviškio g. 72a,68153,54.56,23.33,2026-01-01 12:30:03.171,Paštomatas stovi didžiojoje automobilių stovėjimo aikštelėje, prie fasado sienos.
8111,LV,Top,Daugavpils,Arodu iela 21,LV-5404,55.878163,26.541090,2026-01-01 12:30:05.554,Paštomatas yra lauke
8108,LV,Mego,Daugavpils,Inženieru iela 3,LV-5410,55.892606,26.561298,2026-01-01 12:30:05.547,Paštomatas yra lauke
8102,LV,Rimi,Rīga,Brīvības gatve 404,LV-1024,56.987540,24.227964,2026-02-05 11:30:42.888,
7576,LT,Aibė (uDrop),Gargždai,Karaliaus Mindaugo g. 3-50,96144,55.707902,21.378710,2026-02-02 11:04:52.295,
8273,LV,Jaunbērze (Latvijas Pasts),Jaunbērze,Ceriņu iela 2,LV-3717,56.737697333,23.390608753,2026-01-01 12:30:05.959,Siuntų automatas yra viduje.
0610,LT,IKI,Marijampolė,Vytauto g. 48a,68296,54.545,23.345,2026-01-01 12:30:03.164,Paštomatas matomas iš Aušros gatvės pusės.
9143,EE,Veeriku Selver,Tartu,Vitamiini tn 1,50412,58.376386026,26.697106790,2026-02-06 13:21:17.815,
9132,EE,Kadaka tee,Tallinn,Kadaka tee 42b,12915,59.416204842,24.674860253,2026-01-01 12:30:08.834,Paštomatas stovi kairėje įėjimo į parduotuvę pusėje.
9113,EE,Realiseerimiskeskus,Tallinn,Pärnu mnt. 421,10913,59.369489008,24.638757009,2026-01-01 12:30:08.715,Paštomatas stovi dešinėje įėjimo į parduotuvę pusėje.
7580,LT,Norfa (uDrop),Kaunas,Juozapavičiaus pr. 84,45267,54.876107,23.936171,2026-01-01 12:30:05.053,Paštomatas stovi parkavimo aikštelėje iš Juozapavičiaus pr. pusės
7578,LT,Norfa (uDrop),Tauragė,Bernotiškės g. 3, ,72222,55.259422,22.299723,2026-02-26 08:58:18.909,
7577,LT,Kvėdarnos seniūnija (uDrop),Kvėdarna,Dariaus ir Girėno g. 24,75349,55.555847,21.992111,2026-02-02 11:04:59.068,
7575,LT,Aibė (uDrop),Kretingalė,Klaipėdos gatvė 22,96333,55.834768,21.193921,2026-02-02 11:04:44.893,
7574,LT,Elimart,Kairiai,Salduvės g. 1,80114,55.920788,23.422222,2026-01-01 12:30:05.025,Paštomatas stovi dešinėje įėjimo į ELIMART parduotuvę pusėje.
7573,LT,Aibė (uDrop),Vydmantai,Gintaro g. 9,97222,55.902866,21.134887,2026-02-02 11:04:32.064,
7572,LT,Aibė (uDrop),Jieznas,Vytauto g. 15A,59428,54.599726,24.170067,2026-02-02 11:04:18.264,
0007,LT,LIDL,Vilnius,L. Asanavičiūtės 1H,04300,54.681988,25.197827,2026-01-01 12:30:00.8,Paštomatas įrengras parkavimo aikštelės gale, kairėje pastato pusėje
0513,LT,IKI Rožynas,Panevėžys,Piniavos skg. 10 - 1,37454,55.757,24.370,2026-01-01 12:30:03.057,Paštomatas stovi netoli automobilių parkavimo aikštelėje, netoli prekių pridavimo punkto.
9155,EE,Ujula Konsum,Tartu,Ujula tn 2,51008,58.386591890,26.724259701,2026-02-06 13:23:30.841,
9154,EE,Kivilinna Konsum,Tartu,Jaama tn 173,50705,58.379664094,26.764749883,2026-02-06 13:23:16.948,
0010,LT,MAXIMA,Vilnius,Gelvonų g. 35,07138,54.718,25.258,2026-01-01 12:30:00.832,Paštomatas stovi vidinėje pastato kiemo pusėje, priešais vaistinę.
0268,LT,IKI,Kaunas,Vieškeliuko g. 8,47274,54.93,23.81,2026-01-01 12:30:02.516,Paštomatas matomas iš Vieškeliuko g. pusės.
0263,LT,IKI,Kaunas,Vijūkų g. 125,47240,54.939,23.860,2026-01-01 12:30:02.483,Paštomatas stovi vidinėje automobilių stovėjimo aikštėje, netoli pagrindinio įėjimo.
0017,LT,RIMI,Vilnius,Džiaugsmo g. 116,11305,54.6775,25.3852,2026-01-01 12:30:00.856,Paštomatas stovi lauke  prie šoninės pastato sienos .
9141,EE,Valdeku Maxima,Tallinn,Valdeku tn 114,11215,59.376390280,24.712095909,2026-02-06 13:20:51.078,
9130,EE,Meie Jõgeva,Jõgeva,Piiri tn 7,48304,58.743391666,26.387471899,2026-01-01 12:30:08.825,Paštomatas stovi dešinėje įėjimo į parduotuvę pusėje.
9120,EE,Kerese keskus,Narva,Paul Kerese tn 3,20309,59.376075944,28.191840875,2026-01-01 12:30:08.757,Paštomatas stovi kairėje įėjimo į parduotuvę pusėje.
8580,LV,AIBE (uDrop),Vītoliņi,Veikals Vienība,LV-3017,56.699500,23.703153,2026-01-01 12:30:06.387,Paštomatas stovi dešinėje pastato pusėje.
8579,LV,Vitoli (uDrop),Tukums,Durbes iela 27,LV-3101,56.968441,23.188149,2026-01-01 12:30:06.378,Paštomatas stovi kairėje įėjimo į parduotuvę pusėje.
8578,LV,Janupe (uDrop),Jāņupe,Atpūtas,LV-2113,56.698186,24.046552,2026-01-01 12:30:06.375,Paštomatas stovi dešinėje įėjimo į parduotuvę pusėje.
8573,LV,Grizupes iela (uDrop),Liepāja,Grīzupes iela 24A,LV-3414,56.543534,21.067708,2026-02-05 12:11:44.917,
9142,EE,Kiili Maxima,Kiili,Vaela tee 4, Kiili,75401,59.310177571,24.834189909,2026-02-06 13:21:03.336,
9134,EE,Türi Coop,Türi,Kalevi tn 1,72215,58.812571380,25.408101604,2026-01-01 12:30:08.85,Paštomatas stovi dešinėje įėjimo į parduotuvę pusėje.
9124,EE,Haljala Grossi,Haljala,Võsu mnt 5, Haljala,45301,59.433894448,26.266923825,2026-01-01 12:30:08.783,Paštomatas stovi kairėje įėjimo į parduotuvę pusėje.
9136,EE,Tapa Coop,Tapa,Kivilo tn 3,45108,59.265092297,25.96658553,2026-01-01 12:30:08.86,Paštomatas stovi kairėje įėjimo į parduotuvę pusėje.
8576,LV,Elvi (uDrop),Zvejniekciems,Ainažu iela 113,LV-2161,57.305724,24.408943,2026-01-01 12:30:06.367,Paštomatas stovi dešinėje nuo centrinio įėjimo iš Jūros pusės.
0011,LT,Circle K,Vilnius,Sporto g. 16A,09200,54.695168,25.298291,2026-01-01 12:30:00.841,Paštomatas įrengtas lauke ties išvažiavimu iš plovyklos
0008,LT,Lidl,Vilnius,Draugystės g. 2M,14183,54.76259,25.20249,2026-01-01 12:30:00.816,Paštomatas stovi lauke. Prekybos centro automobilių stovėjimo aišktelės gale.
9616,EE,Kärla uDrop Coop,Kärla,Pargi tn 2,93501,58.330802016,22.255530361,2026-02-06 12:56:17.137,
9614,EE,Valjala uDrop Coop,Valjala,Posti tn 27,94302,58.409415209,22.791175081,2026-01-01 12:30:09.813,Paštomatas stovi kairėje įėjimo į parduotuvę pusėje.
9609,EE,Tabivere uDrop Meie,Tabivere,Tuuliku tn 8,49127,58.550972327,26.595907187,2026-01-01 12:30:09.782,Paštomatas stovi kairėje įėjimo į parduotuvę pusėje.
8577,LV,TOP (Udrop),Grundzāle,Avotu iela 15,LV-4713,57.4566089,26.257267798,2026-01-01 12:30:06.371,.
8575,LV,Lats (uDrop),Spilve,Gravu iela 2,LV-2101,56.962968,23.960468,2026-01-01 12:30:06.358,Paštomatas stovi kairėje įėjimo į parduotuvę pusėje.
9617,EE,Kõrgessaare uDrop Coop ,Kõrgessaare,Tööstuse tee 10,92201,58.98187298,22.472148498,2026-01-01 12:30:09.833,Paštomatas stovi parduotuvės parkavimo aikštelėje.
9615,EE,Orissaare uDrop Coop,Orissaare,Kuivastu mnt. 28,94601,58.558681054,23.082830007,2026-01-01 12:30:09.817,Paštomatas stovi kairėje įėjimo į parduotuvę pusėje.
9135,EE,Paide Coop,Paide,Ringtee 2,72751,58.886663915,25.539818502,2026-01-01 12:30:08.855,Paštomatas stovi parkavimo aikštelėje, prie sienos.
9125,EE,Saue Grossi,Saue,Pärnasalu põik 1a,76505,59.32188921,24.556710544,2026-02-06 13:13:24.04,
3303,LT,Gulbelė,Gelgaudiškis,Taikos g. 66,71430,55.074182,22.979884,2026-01-01 12:30:04.355,Paštomatas stovi lauke prie prekybos centro šoninės sienos ir matomas iš Taikos g. pusės.
9116,EE,Narva-Jõesuu Terminal,Narva-Jõesuu,J. Poska tn 26,29023,59.462654491,28.04394593,2026-01-01 12:30:08.735,Paštomatas stovi parkavimo aikštelėje prie sienos.
0264,LT,Lidl,Ringaudai,Obelynės g. 1,53348,54.89075,23.80423,2026-02-12 14:05:25.144,
0266,LT,Lidl,Kaunas,Baltijos g. 48A,48224,54.92238,23.88323,2026-03-05 13:47:32.993,
9131,EE,Vesiveski Rimi,Keila,Tallinna mnt 18,76608,59.311343337,24.433498329,2026-01-01 12:30:08.829,Paštomatas stovi dešinėje įėjimo į parduotuvę pusėje.
9129,EE,Sinupood Kallavere,Maardu,Kallavere tee 41,74117,59.482806031,24.939988271,2026-02-06 13:14:30.444,
0265,LT,LIDL,Biruliškės,Industrijos g. 2,54469,54.942964,24.008064,2026-01-01 12:30:02.508,Paštomatas įrengtas prie pietrytines pastato sienos, ties pagrindiniu įvažiavimu į automobilių parkavimo aikštelę
5004,LT,Šilas,Jonučiai II,Eglių g. 1,53277,54.84080,23.89929,2026-01-01 12:30:04.588,Paštomatas stovi lauke, kairėje pastato pusėje
9139,EE,Rimi Juhkentali,Tallinn,Juhkentali tn 35,10144,59.427636667,24.770066504,2026-02-06 13:15:21.03,
9128,EE,Maardu Grossi,Maardu,Keemikute tn 41,74111,59.484687808,25.016834567,2026-02-06 13:14:16.161,
9123,EE,Rõngu Terminal,Rõngu,Võru mnt 1,61001,58.142287567,26.248513039,2026-01-01 12:30:08.778,Paštomatas stovi kairėje įėjimo į parduotuvę pusėje.
9118,EE,Koidu Konsum,Viljandi,Koidu tn 3,71004,58.365109197,25.602551317,2026-02-06 13:12:44.727,
8567,LV,RIMI (uDrop),Carnikava,Atpūtas iela 1,LV-2163,57.129220,24.277258,2026-01-01 12:30:06.314,Paštomatas stovi dešinėje centrinio įėjimo į parduotuvę pusėje.
9121,EE,Kastani,Haapsalu,Kuuse 28,90509,58.936544971,23.551908752,2026-02-06 13:12:59.654,
9114,EE,Klooga baar,Klooga,Pargi 7,76703,59.319987132,24.227812739,2026-01-01 12:30:08.72,Paštomatas stovi dešinėje įėjimo į parduotuvę pusėje.
9104,EE,Roo Prisma,Harkujärve,Roo tee 1,76912,59.407522051,24.616455831,2026-01-01 12:30:08.653,Paštomatas stovi dešinėje įėjimo į parduotuvę pusėje.
9095,EE,Ääsmäe Meie pood,Ääsmäe,Pärtlemäe tee 1,76402,59.242364518,24.498436585,2026-01-01 12:30:08.587,Paštomatas stovi kairėje įėjimo į parduotuvę pusėje.
9092,EE,Kose Meie pood,Kose,Pikk tn 17, Kose,75101,59.185974470,25.16565016,2026-01-01 12:30:08.574,Paštomatas stovi kairėje įėjimo į parduotuvę pusėje.
9108,EE,Rae küla Meie,Peetri,Künnapuu tee 2,75310,59.386764749,24.846883630,2026-01-01 12:30:08.678,Paštomatas stovi dešinėje įėjimo į parduotuvę pusėje.
9106,EE,Loksa Meie pood,Loksa,Tallinna mnt 21,74805,59.583781610,25.717124295,2026-01-01 12:30:08.667,Paštomatas stovi kairėje įėjimo į parduotuvę pusėje.
9091,EE,Harkujärve Meie pood,Tallinn,Liiva tee 2,76912,59.418838825,24.590452397,2026-01-01 12:30:08.564,Paštomatas stovi kairėje įėjimo į parduotuvę pusėje.
8574,LV,Citro (uDrop),Rēzekne,Ludzas iela 46,LV-4601,56.502244,27.346374,2026-02-05 12:12:07.785,
8564,LV,TOP (uDrop),Kaunata,Rāznas iela 33,LV-4622,56.332194,27.546321,2026-01-01 12:30:06.294,Paštomatas stovi dešinėje įėjimo į parduotuvę pusėje.
7571,LT,Aibė (uDrop),Senieji Trakai,Nerūdininkų g. 5A,21147,54.612325,24.984312,2026-01-01 12:30:05.002,Paštomatas stovi dešinėje įėjimo į AIBĖ parduotuvę pusėje.
7570,LT, Aibė (uDrop),Kalveliai,Bažnyčios g. 18,13149,54.636645,25.687109,2026-01-01 12:30:04.998,Paštomatas stovi kairėje įėjimo į AIBĖ parduotuvę pusėje.
8568,LV,Daugavgrivas 112 (uDrop),Rīga,Daugavgrīvas iela 112,LV-1055,56.965272,24.070776,2026-02-05 12:11:17.22,
8566,LV,TC Juglas Centrs (uDrop),Rīga,Juglas krastmala 2,LV-1024,56.989396,24.244619,2026-02-05 12:10:46.807,
9101,EE,Aldar Market Lilleoru,Rakvere,Tartu tn 55,44315,59.327914308,26.36529565,2026-02-06 13:11:42.703,
9107,EE,Kehtna Konsum,Kehtna,Lasteaia tn 12,79001,58.92605242,24.871770639,2026-01-01 12:30:08.672,Paštomatas stovi kairėje įėjimo į parduotuvę pusėje.
8565,LV,Jasmuizas (uDrop),Rīga,Jasmuižas iela 9B,LV-1021,56.936675,24.210641,2026-02-05 12:10:18.344,
9618,EE,Toila uDrop Meie ,Toila,Pikk tn 18,41702,59.418779598,27.51129261,2026-01-01 12:30:09.837,Paštomatas stovi kairėje įėjimo į parduotuvę pusėje.
9122,EE,Puhja Terminal,Puhja,Hommiku tn 2,61301,58.339802760,26.318766621,2026-01-01 12:30:08.774,Paštomatas stovi parduotuvės parkavimo aikštelėje.
8562,LV,Lats (uDrop),Āne,Jaunatnes iela 2,LV-3042,56.647973,23.811632,2026-01-01 12:30:06.285,Paštomatas stovi lauke.
8561,LV,Stabu (uDrop),Rīga,Stabu iela 24,LV-1011,56.957089,24.126689,2026-02-05 12:09:37.634,
9090,EE,Haaslava Meie pood,Haaslava,Jõe tn 1,62107,58.32502248,26.80190087,2026-01-01 12:30:08.561,Paštomatas stovi dešinėje įėjimo į parduotuvę pusėje.
9110,EE,Viiratsi Konsum,Viiratsi,Sakala tn 3b,70101,58.359147268,25.639394196,2026-02-06 13:12:11.25,
9096,EE,Tõrva Meie pood,Tõrva,Valga tn 3,68607,58.002276075,25.9231582,2026-01-01 12:30:08.6,Paštomatas stovi  kairėje įvažiavimo į parkavimo aikštelę pusėje.
9100,EE,Põlva Meie pood,Põlva,Lao tn 14,63304,58.0669673,27.09267638,2026-01-01 12:30:08.627,Paštomatas stovi kairėje įėjimo į parduotuvę pusėje.
9127,EE,Ahtme Grossi,Kohtla-Järve,Estonia pst 30a,31021,59.32964057,27.4257041,2026-02-06 13:14:01.923,
9619,EE,Risti uDrop Coop,Risti,Haapsalu mnt 1,90901,58.998226,24.05694184,2026-01-01 12:30:09.841,Paštomatas stovi dešinėje įėjimo į parduotuvę pusėje.
9605,EE,Virtsu uDrop Coop,Virtsu,Tallinna mnt 13,90101,58.5723618,23.5152655,2026-01-01 12:30:09.759,Paštomatas stovi dešinėje įėjimo į parduotuvę pusėje.
9105,EE,Pärnu Meie pood,Pärnu,Lille tn 44c,80035,58.39947715,24.51143962,2026-01-29 10:36:22.506,
9103,EE,Rakvere Meie pood,Rakvere,Tallinna tn 68,44311,59.35613582,26.368182,2026-02-06 13:11:56.057,
9102,EE,Sillamäe turg,Sillamäe,Viru pst 14,40232,59.39280235,27.7778751,2026-01-29 10:40:29.819,
9094,EE,Taebla Konsum,Haapsalu,Pargi tn 2,90801,58.9566602,23.74418039,2026-01-01 12:30:08.583,Paštomatas stovi prie sienos
9126,EE,Narva Grossi Pähklimäe,Narva,Pähklimäe 2a,20607,59.3873320,28.1728992,2026-02-06 13:13:49.855,
9602,EE,Häädemeeste uDrop Coop ,Häädemeeste,Pärnu mnt 40,86001,58.07907375,24.498436290,2026-01-01 12:30:09.739,Paštomatas stovi kairėje įėjimo į parduotuvę pusėje.
8186,LV,Ozolciema iela Top (Latvijas Pasts),Rīga,Ozolciema iela 16 k-4,LV-1058,56.900837667,24.085816054,2026-02-06 11:09:45.537,
9119,EE,Raadi Maxima,Tartu,Narva mnt 112, Tartu,50303,58.391939,26.7305200,2026-01-01 12:30:08.752,Paštomatas stovi kairėje įėjimo į parduotuvę pusėje.
9115,EE,Jõhvi Terminal,Jõhvi,Puru tee 1,41537,59.3514167,27.4192406,2026-01-01 12:30:08.723,Paštomatas stovi kairėje įėjimo į parduotuvę pusėje.
9112,EE,Punane,Tallinn,Punane tn 1,13620,59.4323667,24.8130353,2026-01-01 12:30:08.704,Paštomatas stovi kairėje įėjimo į parduotuvę pusėje.
9099,EE,Kiviõli Kaubahoov,Kiviõli,Metsa tn 3,43125,59.357187,26.97552618,2026-01-01 12:30:08.62,Paštomatas stovi dešinėje įėjimo į parduotuvę pusėje.
9620,EE,Rummu uDrop,Rummu,Kooli tn 2,76102,59.23125035,24.20424717,2026-01-01 12:30:09.851,Paštomatas stovi prie priekinio pastato fasado priešais gatvę.
9611,EE,Vääna-Jõesuu uDrop,Vääna-Jõesuu,Hiie tee 5,76909,59.4334966,24.36764635,2026-01-01 12:30:09.799,Paštomatas stovi kairėje įėjimo į parduotuvę pusėje.
9610,EE,Kohila uDrop,Kohila,Viljandi mnt 3a,79805,59.167258787,24.76005527,2026-01-01 12:30:09.787,Paštomatas stovi dešinėje įėjimo į parduotuvę pusėje.
9601,EE,Aruküla uDrop ,Aruküla,Tallinna mnt 8,75201,59.37054532,25.07809559,2026-03-01 19:04:46.099,
9098,EE,Sventli AS,Jõhvi,Rakvere 19,41533,59.3608971,27.4046448,2026-01-29 10:29:10.504,
9613,EE,Sõmeru uDrop,Aluvere,Veski 7,44208,59.3655063,26.4305963,2026-02-06 12:56:02.398,
9608,EE,Võhma uDrop,Võhma,Tallinna tn 28a,70603,58.63072762,25.55917793,2026-01-01 12:30:09.778,Paštomatas stovi kairėje įėjimo į parduotuvę pusėje.
9607,EE,Viru-Nigula uDrop Meie,Viru-Nigula,Kunda tee 4,44001,59.44500876,26.69122190,2026-01-01 12:30:09.766,Paštomatas stovi kairėje įėjimo į parduotuvę pusėje.
9606,EE,Imavere uDrop,Imavere,Rukkilille,72401,58.734522702,25.766394597,2026-01-01 12:30:09.763,Paštomatas stovi dešinėje įėjimo į parduotuvę pusėje.
9117,EE,Nõo Terminal,Nõo,Raudtee tn 2a,61601,58.28187116,26.52711341,2026-02-06 13:12:29.553,
9111,EE,Külitse Konsum,Külitse,Kiigemäe tee 2,61702,58.3231201,26.6240072,2026-01-01 12:30:08.7,Paštomatas stovi kairėje įėjimo į PC pusėje.
9097,EE,Elva Meie pood,Elva,Valga mnt 7,61504,58.219875,26.4032025,2026-02-06 13:11:13.669,
9093,EE,Randvere Meie pood,Randvere,G. H. Schüdlöffeli tee 2,74016,59.505894,24.9050,2026-02-06 13:10:56.069,
9612,EE,Tõrvandi uDrop Grossi,Tõrvandi,Tamme tn 2,61715,58.3237279,26.7099227,2026-01-01 12:30:09.804,Paštomatas stovi dešinėje įėjimo į parduotuvę pusėje.
9604,EE,Vinni uDrop Grossi,Vinni,Sõpruse 5,46601,59.291064102,26.42768043,2026-01-01 12:30:09.755,Paštomatas stovi kairėje įėjimo į parduotuvę pusėje.
9603,EE,Rakke uDrop Grossi,Rakke,Fr. R. Faehlmanni tee 38,46301,58.9901807,26.23523697,2026-01-01 12:30:09.75,Paštomatas stovi kairėje įėjimo į parduotuvę pusėje.
9600,EE,Ahja uDrop Coop,Ahja,Tartu mnt 24a,63710,58.20894336,27.0748941,2026-01-01 12:30:09.73,Paštomatas stovi kairėje įėjimo į parduotuvę pusėje.
8192,LV,Daugavpils Mego (Latvijas Pasts),Daugavpils,Viestura iela 60,LV-5401,55.872210111,26.524391895,2026-02-06 11:46:33.62,
8187,LV,Ape Stacijas iela (Latvijas Pasts),Ape,Stacijas iela 2,LV-4337,57.538353633,26.695166585,2026-02-06 11:36:41.017,
8189,LV,Vecā Buļļu iela (Latvijas Pasts),Rīga,Vecā Buļļu iela 13,LV-1055,56.965275951,24.055851184,2026-02-06 11:45:51.185,
8199,LV,Lidl (Latvijas Pasts),Bauska,Zaļā iela 5,LV-3901,56.406634468,24.198067339,2026-02-06 11:53:08.499,
9599,EE,Suure-Jaani uDrop,Suure-Jaani,Lembitu pst 48,71502,58.537091544,25.466512798,2026-01-01 12:30:09.727,Paštomatas stovi kairėje įėjimo į parduotuvę pusėje.
9596,EE,Papsaare uDrop,Papsaare,Haapsalu mnt 43,88317,58.395309765,24.457747304,2026-01-01 12:30:09.706,Paštomatas stovi dešinėje įėjimo į parduotuvę pusėje.
9594,EE,Roela uDrop,Roela,Tartu mnt 9,46602,59.164589726,26.586043779,2026-01-01 12:30:09.693,Paštomatas stovi dešinėje įėjimo į parduotuvę pusėje.
9592,EE,Abja-Paluoja uDrop,Abja-Paluoja,Viljandi tee 2a,69402,58.126924509,25.360774746,2026-01-01 12:30:09.685,Paštomatas stovi dešinėje įėjimo į parduotuvę pusėje.
9585,EE,Iisaku uDrop Grossi,Iisaku,Tartu mnt 55,41101,59.094984377,27.314806654,2026-01-01 12:30:09.64,Paštomatas stovi dešinėje įėjimo į parduotuvę pusėje.
9595,EE,Koeru uDrop,Koeru,Paide tee 2,73001,58.964243,26.028396,2026-01-01 12:30:09.702,Paštomatas stovi dešinėje įėjimo į parduotuvę pusėje.
9598,EE,Märjamaa uDrop,Märjamaa,Pärnu mnt 76, Märjamaa,78304,58.90163118,24.42203816,2026-01-01 12:30:09.715,Paštomatas stovi dešinėje įėjimo į parduotuvę pusėje.
9597,EE,Palamuse uDrop,Palamuse,Uus tn 14,49226,58.68780896,26.58509177,2026-01-01 12:30:09.71,Paštomatas stovi kairėje įėjimo į parduotuvę pusėje.
8272,LV,Tukuma iela (Latvijas Pasts),Jūrmala,Tukuma iela 12,LV-2012,56.941165625,23.491169002,2026-02-06 12:13:01.457,
8271,LV,Valdemārpils (Latvijas Pasts),Valdemārpils,Raiņa iela 16,LV-3260,57.374560453,22.593401919,2026-02-06 12:12:50.545,
8270,LV,18. novembra iela (Latvijas Pasts),Daugavpils,18. novembra iela 146,LV-5417,55.878259116,26.553150027,2026-02-06 12:12:38.809,
9591,EE,Kiisa uDrop,Kiisa,Kurtna tee 2,75503,59.235464236,24.683666143,2026-01-01 12:30:09.681,Paštomatas stovi kairėje įėjimo į parduotuvę pusėje.
9587,EE,Alatskivi uDrop ,Alatskivi,Tartu mnt 15,60201,58.600766558,27.13251381,2026-01-01 12:30:09.656,Paštomatas stovi kairėje įėjimo į parduotuvę pusėje.
9590,EE,Räpina uDrop,Räpina,Kooli 14a,64505,58.09500468,27.45947555,2026-01-01 12:30:09.67,Paštomatas stovi dešinėje įėjimo į parduotuvę pusėje.
9586,EE,Pärnu-Jaagupi uDrop,Pärnu-Jaagupi,Uus 20a,87201,58.60937686,24.50477921,2026-01-01 12:30:09.644,Paštomatas stovi dešinėje įėjimo į parduotuvę pusėje.
8269,LV,Rīga Galerija Centrs (Latvijas Pasts),Rīga,Audēju iela 16,LV-1050,56.947881274,24.112866823,2026-02-06 12:12:26.7,
8268,LV,Lizums Vecozoli Lats (Latvijas Pasts),Lizums,Vecozoli,LV-4425,57.191076421,26.369007841,2026-02-06 12:12:15.876,
8266,LV,A.Čaka iela 128 (Latvijas Pasts),Rīga,Aleksandra Čaka iela 128,LV-1012,56.961034565,24.146255651,2026-02-06 12:12:04.694,
9589,EE,Melliste uDrop,Melliste,Tartu maantee 1,62318,58.33244,26.9777057,2026-01-01 12:30:09.666,Paštomatas stovi kairėje įėjimo į parduotuvę pusėje.
9593,EE,Kanepi uDrop Coop,Kanepi,A. Weizenbergi 23,63101,57.986067474,26.757760014,2026-02-26 14:40:47.989,
7569,LT,Šilas (Udrop),Bajorai,Šaulio g. 70,14189,54.757796,25.224225,2026-01-01 12:30:04.991,,
7568,LT,Šilas (Udrop),Užliedžiai,Griežlės g. 40,54303,54.965341,23.823212,2026-01-01 12:30:04.987,.
7567,LT,Viada (Udrop),Kaunas,Karaliaus Mindaugo pr. 54,44351,54.886829,23.921960,2026-01-01 12:30:04.984,.
7561,LT,Express Market (Udrop),Vilnius,Dzūkų g. 38a,02116,54.664413867,25.28663069,2026-01-01 12:30:04.953,.
9588,EE,Ülenurme uDrop Coop,Ülenurme,Kaasiku 35,61709,58.33005210,26.727321249,2026-01-01 12:30:09.661,Paštomatas stovi kairėje įėjimo į parduotuvę pusėje.
7564,LT,PC Vyturiai (Udrop),Utena,J. Basanavičiaus g. 93B,28228,55.500465,25.613969,2026-01-01 12:30:04.969,Paštomatas stovi kairėje įėjimo į AIBĖ parduotuvę pusėje.
7562,LT,Express Market (Udrop),Klaipėda,Kretingos g. 9,92218,55.72418993,21.130728201,2026-01-13 12:58:58.421,
7566,LT,IKI (Udrop),Rokiškis,Jaunystės g. 1,42149,55.949813,25.588826,2026-01-01 12:30:04.981,Paštomatas matomas iš Jaunystės g. pusės.
7563,LT,Norfa (Udrop),Klaipėda,Baltijos pr. 101,94116,55.686628,21.161434,2026-01-13 13:05:39.462,
7565,LT,Aibė (Udrop),Pasvalys,Taikos g. 20,39184,56.061003,24.411839,2026-01-01 12:30:04.973,Paštomatas stovi dešinėje įėjimo į AIBĖ parduotuvę pusėje.
8264,LV,Palsmane Kultūras nams (Latvijas Pasts),Palsmane,Kultūras nams,LV-4724,57.390050393,26.183102667,2026-02-06 12:11:41.592,
8263,LV,Kalupe (Latvijas Pasts),Kalupe,Lielā iela 43,LV-5450,56.096423417,26.551833618,2026-02-06 12:11:28.204,
8262,LV,Naujene (Latvijas Pasts),Naujene,Skolas iela 6,LV-5462,55.937155216,26.719217294,2026-02-06 12:11:11.486,
8261,LV,Brīvības gatve (Latvijas Pasts),Rīga,Brīvības gatve 348,LV-1006,56.981433658,24.194329937,2026-02-06 12:10:53.505,
8260,LV,Paviljons (Latvijas Pasts),Liepāja,Siena iela 4,LV-3401,56.503990489,21.009302510,2026-02-06 12:10:34.659,
8258,LV,Top (Latvijas Pasts),Skulte,Skultes iela 18/1,LV-2108,56.918895164,23.947388272,2026-02-06 12:09:59.044,
8257,LV,Elijas iela 17 (Latvijas Pasts),Rīga,Elijas iela 17,LV-1050,56.940609828,24.126173906,2026-02-06 12:09:46.446,
8256,LV,Lats (Latvijas Pasts),Jelgava,Garozas iela 24A,LV-3002,56.655108157,23.750769240,2026-02-06 12:09:34.466,
8254,LV,V.Seiles iela Rimi (Latvijas Pasts),Rīga,Valērijas Seiles iela 6,LV-1003,56.937548272,24.156352796,2026-02-06 12:09:10.384,
8253,LV,Kaunata Pagastmāja (Latvijas Pasts),Kaunata,Rāznas iela 38,LV-4622,56.331763037,27.546241617,2026-02-06 12:08:52.93,
8252,LV,Top( Latvijas Pasts),Liepāja,Kārklu iela 1,LV-3414,56.548282515,21.084685283,2026-02-06 12:08:34.038,
8251,LV,Kolka Zītari (Latvijas Pasts),Kolka,Zītari,LV-3275,57.743201513,22.585197944,2026-02-06 12:08:22.068,
8250,LV,Lidl (Latvijas Pasts),Cēsis,Piebalgas iela 14,LV-4101,57.309153387,25.275389942,2026-02-06 12:08:08.121,
8249,LV,Elvi (Latvijas Pasts) ,Mārupe,Daugavas iela 36,LV-2167,56.898526020,24.036609519,2026-02-06 12:07:53.366,
8248,LV,Lidl (Latvijas Pasts),Rīga,Lapsu iela 6,LV-1035,56.950117083,24.176050628,2026-02-06 12:07:38.027,
8246,LV,Lidl (Latvijas Pasts),Liepāja,Parka iela 12,LV-3401,56.517144822,21.025160084,2026-02-06 12:06:44.838,
8244,LV,Latgales iela Circle K (Latvijas Pasts),Rīga,Latgales iela 349B,LV-1063,56.906482507,24.189162170,2026-02-06 12:06:20.409,
8243,LV,Tallinas iela (Latvijas Pasts),Rīga,Tallinas iela 95,LV-1009,56.954937697,24.151312240,2026-02-06 12:05:32.781,
8242,LV,Rimi (Latvijas Pasts),Jūrmala,Viestura iela 22,LV-2010,56.974704540,23.858971338,2026-02-06 12:05:18.44,
8240,LV,Kuldīga Aizputes iela Lidl (Latvijas pasts),Kuldīga,Jāņa iela 1,LV-3301,56.966522778,21.953819416,2026-01-01 12:30:05.824,
8942,LV,Maxima (Latvijas Pasts),Rīga,Grostonas iela 1,LV-1013,56.964656783,24.119101196,2026-02-07 10:03:58.931,
8883,LV,Rimi (Latvijas Pasts),Rīga,Andreja Saharova iela 23A,LV-1082,56.939044800,24.202754084,2026-02-07 09:27:06.404,
8881,LV,Tirdzniecības Centrs Liedags (Latvijas Pasts),Jūrmala,Ventspils šoseja 30,LV-2011,56.946546460,23.620003467,2026-02-13 17:33:23.47,
8861,LV,Top (Latvijas Pasts),Jelgava,Kristapa Helmaņa iela 1,LV-3004,56.659659620,23.762810766,2026-02-07 09:08:45.619,
8857,LV,Mājai (Latvijas Pasts),Ventspils,Celtnieku iela 22,LV-3602,57.405502099,21.603692966,2026-02-07 09:06:15.598,
8843,LV,Maxima (Latvijas Pasts),Rīga,Latgales iela 267,LV-1063,56.920269382,24.172608384,2026-02-06 14:52:52.581,
8813,LV,TC Ozols (Latvijas Pasts),Rīga,Mazā Rencēnu iela 1,LV-1073,56.927823442,24.179806617,2026-02-06 14:46:03.301,
8811,LV,Āgenskalna tirgus (Latvijas Pasts),Rīga,Nometņu iela 64,LV-1002,56.935837590,24.071928168,2026-02-06 14:45:37.853,
8807,LV,Lidl (Latvijas Pasts),Rīga,Latgales iela 414,LV-1063,56.896918991,24.209157967,2026-02-06 14:44:42.542,
8767,LV,TC Domina (Latvijas Pasts),Rīga,Ieriķu iela 3,LV-1084,56.966325450,24.161226387,2026-02-06 14:36:40.501,
8756,LV,Lidl (Latvijas Pasts),Valmiera,Stacijas iela 8,LV-4201,57.531368749,25.427230105,2026-02-06 14:34:12.875,
8729,LV,Circle K (Latvijas Pasts),Liepāja,Ganību iela 171,LV-3407,56.487281591,21.017214653,2026-02-06 14:18:39.77,
8700,LV,Lats (Latvijas Pasts),Rīga,Vaiņodes iela 2,LV-1004,56.918728015,24.092854449,2026-02-06 14:09:14.268,
8684,LV,Rimi (Latvijas Pasts),Līvāni,Rīgas iela 89,LV-5316,56.354865116,26.174903543,2026-02-06 14:05:33.901,
8676,LV,Tirdzniecības Centrs (Latvijas Pasts),Ludza,Stacijas iela 30,LV-5701,56.544598800,27.720713640,2026-02-06 14:02:49.47,
8661,LV,Lidl (Latvijas Pasts),Rēzekne,Atbrīvošanas aleja 125,LV-4601,56.517372168,27.336168684,2026-02-06 13:42:14.241,
8654,LV,Mego (Latvijas Pasts),Rīga,Andreja Saharova iela 2,LV-1021,56.933268474,24.202673453,2026-02-06 12:59:41.136,
8639,LV,Maxima (Latvijas Pasts),Rīga,Matīsa iela 23,LV-1001,56.957365991,24.133103564,2026-02-06 12:58:19.819,
8611,LV,TC Aura (Latvijas Pasts),Jēkabpils,Nākotnes iela 2,LV-5201,56.490433288,25.859512953,2026-02-06 12:16:00.22,
9580,EE,Pärnu Kaubamajakas uDrop  ,Pärnu,Papiniidu 8,80010,58.371008789,24.550177859,2026-02-06 12:55:35.532,
9578,EE,Käina uDrop Coop,Käina,Spordi tn 9,92101,58.831656832,22.774380633,2026-01-01 12:30:09.594,Paštomatas stovi paštomatų zonoje prie sienos priešais parkavimo aikštelę.
9577,EE,Kärdla uDrop Coop,Kärdla,Heltermaa mnt 16,92414,58.990204638,22.754423955,2026-01-01 12:30:09.59,Paštomatas stovi kairėje įėjimo į parduotuvę pusėje.
9089,EE,Kadrina Meie (ainult saadetiste välja võtmiseks),Kadrina,Nooruse 1a,45201,59.344072624,26.136197526,2026-01-14 14:55:52.642,
9579,EE,Järvakandi uDrop Grossi  ,Järvakandi,Turu 1,79101,58.774539217,24.817885549,2026-01-01 12:30:09.605,Paštomatas stovi kairėje įėjimo į parduotuvę pusėje.
9584,EE,Tallinna uDrop Stockmann ,Tallinn,Liivalaia 53,10145,59.431833280,24.761241095,2026-02-06 12:55:49.307,
9583,EE,Aseri uDrop Grossi  ,Aseri,Tehase 23,43401,59.449690926,26.866462282,2026-01-01 12:30:09.629,Paštomatas stovi dešinėje įėjimo į parduotuvę pusėje.
9581,EE,Kilingi-Nõmme uDrop Coop,Kilingi-Nõmme,Pärnu 83,86305,58.150637837,24.968756828,2026-01-01 12:30:09.614,Paštomatas stovi dešinėje įėjimo į parduotuvę pusėje.
9582,EE,Lelle uDrop Meie  ,Lelle,Pärnu mnt 13,79002,58.859452803,24.999195051,2026-03-12 18:53:59.713,
9576,EE,Antsla uDrop Coop  ,Antsla,Kreutzwaldi 4a,66403,57.828562170,26.529662693,2026-01-01 12:30:09.584,Paštomatas stovi dešinėje įėjimo į parduotuvę pusėje.
9574,EE,Kuusalu uDrop Coop  ,Kuusalu,Kuusalu tee 13,74601,59.446453278,25.443325119,2026-01-01 12:30:09.568,Sissepääsust paremal maja esifassaadil.
9573,EE,Loksa uDrop Coop,Loksa,Tallinna 36,74806,59.579465407,25.724374778,2026-01-01 12:30:09.563,Paštomatas stovi kairėje įėjimo į parduotuvę pusėje.
9572,EE,Kehra uDrop Coop,Kehra,Kose mnt 9,74307,59.33364744,25.33358962,2026-01-01 12:30:09.559,Paštomatas stovi dešinėje įėjimo į parduotuvę pusėje.
9567,EE,Lihula uDrop Coop,Lihula,Tallinna mnt 20,90303,58.687133484,23.833690398,2026-01-01 12:30:09.522,Paštomatas stovi dešinėje įėjimo į parduotuvę pusėje.
9566,EE,Vändra uDrop Grossi  ,Vändra,Pärnu-Paide mnt 26,87701,58.656442857,25.043349219,2026-01-01 12:30:09.517,Paštomatas stovi dešinėje įėjimo į parduotuvę pusėje.
9565,EE,Kiviõli uDrop Grossi ,Kiviõli,Keskpuiestee 33,43125,59.356290455,26.975742278,2026-01-01 12:30:09.512,Paštomatas stovi dešinėje įėjimo į parduotuvę pusėje.
9564,EE,Väike-Maarja uDrop Grossi  ,Väike-Maarja,Pikk 9,46202,59.129995874,26.252297320,2026-01-01 12:30:09.507,Paštomatas stovi kairėje įėjimo į parduotuvę pusėje.
9563,EE,Kunda uDrop Grossi ,Kunda,Kasemäe 12,44107,59.500639457,26.517523668,2026-01-01 12:30:09.495,Paštomatas stovi parkavimo aikštelėje prie sienos.
9562,EE,Tamsalu uDrop Grossi ,Tamsalu,Tehnika 24,46106,59.162335273,26.112299588,2026-01-01 12:30:09.491,Paštomatas stovi kairėje įėjimo į parduotuvę pusėje.
9561,EE,Tapa uDrop Grossi ,Tapa,Jaama 1,45106,59.264464040,25.963531213,2026-01-01 12:30:09.487,Paštomatas stovi dešinėje įėjimo į parduotuvę pusėje.
8766,LV,Lidl (Latvijas Pasts),Rīga,Prūšu iela 1,LV-1057,56.916026848,24.180571130,2026-02-06 14:36:29.213,
8686,LV,TC Walk (Latvijas Pasts),Valka,Ausekļa iela 54,LV-4701,57.785404678,26.015183182,2026-02-06 14:06:13.241,
9575,EE,Kose uDrop Coop ,Kose,Pikk 23,75101,59.1848813,25.1673022,2026-01-01 12:30:09.579,Paštomatas stovi dešinėje įėjimo į parduotuvę pusėje.
9570,EE,Mustla uDrop Grossi ,Mustla,Posti 43,69701,58.23414828,25.86620046,2026-01-01 12:30:09.542,Paštomatas stovi dešinėje įėjimo į parduotuvę pusėje.
9568,EE,Avinurme uDrop Coop ,Avinurme,Võidu 18,42101,58.98614717,26.86987724,2026-01-01 12:30:09.534,Paštomatas stovi dešinėje įėjimo į parduotuvę pusėje.
9571,EE,Paldiski uDrop,Paldiski,Rae 38,76806,59.35269059,24.05661236,2026-01-01 12:30:09.551,Paštomatas stovi kairėje įėjimo į parduotuvę pusėje.
9569,EE,Mustvee uDrop Coop,Mustvee,Tartu 7b,49604,58.848467,26.942848,2026-01-01 12:30:09.538,Paštomatas stovi kairėje įėjimo į parduotuvę pusėje.
8233,LV,Cietokšņa iela Lidl (Latvijas Pasts),Daugavpils,Cietokšņa iela 74,LV-5401,55.878439856,26.510293883,2026-02-06 12:02:39.983,
7002,LT,Simbiocity Beta (tik siuntų atsiėmimui),Vilnius,J. Balčikonio g. 3,03500,54.719959,25.28510,2026-01-14 14:54:45.524,
8999,LV,Top (Latvijas Pasts),Smiltene,Daugavas iela 1B,LV-4729,57.426233725,25.899859813,2026-02-07 10:20:10.545,
8988,LV,Drogas (Latvijas Pasts),Rīga,Mazā Stacijas iela 2A,LV-1083,56.959825001,24.051025006,2026-02-07 10:18:08.272,
8986,LV,Maxima (Latvijas Pasts),Rīga,Andreja Saharova iela 20A,LV-1021,56.941553701,24.206728717,2026-02-07 10:17:40.313,
8982,LV,TC Valleta (Latvijas Pasts),Valmiera,Rīgas iela 4,LV-4201,57.538747402,25.423793144,2026-02-07 10:16:49.792,
8981,LV,Rimi (Latvijas Pasts),Mārupe,Daugavas iela 31,LV-2167,56.904655114,24.054972534,2026-02-07 10:16:35.359,
8980,LV,Rimi (Latvijas Pasts),Valmiera,Rubenes iela 51,LV-4201,57.546946550,25.419283920,2026-02-07 10:16:25.403,
8979,LV,Elvi (Latvijas Pasts),Ogre,Mālkalnes prospekts 3,LV-5001,56.821955536,24.595079306,2026-02-07 10:16:11.021,
8974,LV,Maxima (Latvijas Pasts),Rīga,Lidoņu iela 3,LV-1055,56.970810978,24.071238916,2026-02-07 10:15:11.76,
8973,LV,Vesko (Latvijas Pasts),Svēte,Vilces iela 7,LV-3008,56.590110705,23.677484157,2026-02-07 10:15:02.201,
8967,LV,Tirgus (Latvijas Pasts),Ogre,Skolas iela 2A,LV-5001,56.816121102,24.599639069,2026-02-07 10:13:55.365,
8966,LV,Lats (Latvijas Pasts),Jēkabpils,Celtnieku iela 1,LV-5201,56.500595699,25.840870457,2026-02-07 10:13:45.8,
8965,LV,Šokolāde (Latvijas Pasts),Ventspils,Lauku iela 2,LV-3601,57.394695350,21.568730096,2026-02-07 10:13:32.649,
8964,LV,Citro (Latvijas Pasts),Ventspils,Kroņa iela 17,LV-3601,57.392380172,21.539757645,2026-02-07 10:13:18.995,
8962,LV,Mego (Latvijas Pasts),Rīga,Aleksandra Bieziņa iela 8,LV-1029,56.945324902,24.022700026,2026-02-07 10:12:50.175,
8955,LV,Benu aptieka (Latvijas Pasts),Rīga,Prūšu iela 114A,LV-1057,56.904874201,24.206345412,2026-02-07 10:10:08.682,
8954,LV,Maxima (Latvijas Pasts),Rīga,Višķu iela 14,LV-1063,56.899726882,24.216774913,2026-02-07 10:09:54.742,
8952,LV,Lidl (Latvijas Pasts),Rīga,Anniņmuižas bulvāris 77,LV-1067,56.958065162,24.011016803,2026-02-07 10:08:02.28,
8951,LV,SKY (Latvijas Pasts),Rīga,Hipokrāta iela 26,LV-1079,56.959974856,24.239307360,2026-02-07 10:07:47.485,
8948,LV,Teika Plaza (Latvijas Pasts),Rīga,Brīvības gatve 201,LV-1039,56.974463413,24.162100505,2026-02-07 10:06:56.7,
8946,LV,Rimi (Latvijas Pasts),Rīga,Anniņmuižas bulvāris 40A,LV-1069,56.960481592,24.012546813,2026-02-07 10:06:04.702,
8945,LV,Maxima (Latvijas pasts),Rīga,Parādes iela 8,LV-1016,57.040943950,24.029053505,2026-02-05 13:16:40.163,
8944,LV,Rimi (Latvijas Pasts),Rīga,Latgales iela 220B,LV-1019,56.925289004,24.167637261,2026-02-07 10:04:39.509,
8943,LV,TC Origo (Latvijas Pasts),Rīga,Stacijas laukums 4,LV-1050,56.947406268,24.121265366,2026-02-07 10:04:14.553,
8934,LV,Top (Latvijas Pasts),Rīga,Viestura prospekts 35A,LV-1005,57.000544042,24.130047641,2026-02-07 10:00:59.217,
8932,LV,Mego (Latvijas Pasts),Rīga,Biķernieku iela 246,LV-2130,56.961034165,24.301950765,2026-02-07 10:00:19.632,
8923,LV,Rimi (Latvijas Pasts),Rīga,Apuzes iela 45,LV-1046,56.940698515,24.021842577,2026-02-07 09:54:55.24,
8921,LV,Elvi (Latvijas Pasts),Sigulda,Dārza iela 28,LV-2150,57.156399271,24.871968662,2026-02-07 09:54:36.565,
8915,LV,Juglas tirgus (Latvijas Pasts),Rīga,Brīvības gatve 405B,LV-1024,56.989212656,24.236516245,2026-02-07 09:39:37.741,
8912,LV,Rimi (Latvijas Pasts),Rīga,Pulkveža Brieža iela 33A,LV-1045,56.965486671,24.105288975,2026-02-07 09:37:15.939,
8911,LV,Top (Latvijas Pasts),Salaspils,Rīgas iela 48,LV-2169,56.872209464,24.354486441,2026-02-07 09:36:57.999,
8908,LV,Rimi (Latvijas Pasts),Rīga,Salnas iela 1A,LV-1021,56.943583569,24.217571708,2026-02-07 09:35:57.342,
8896,LV,Citro (Latvijas Pasts),Ventspils,Talsu iela 6,LV-3602,57.401899993,21.584950157,2026-02-07 09:30:38.212,
8894,LV,Citro (Latvijas Pasts),Kuldīga,Stendes iela 23A,LV-3301,56.971245061,21.987338399,2026-02-07 09:30:15.039,
8893,LV,Spar (Latvijas Pasts),Aizkraukle,Lāčplēša iela 10,LV-5101,56.599915360,25.257355378,2026-02-07 09:29:47.278,
8891,LV,Maxima (Latvijas Pasts),Olaine,Zemgales iela 53,LV-2114,56.780958203,23.927271921,2026-02-07 09:29:20.819,
8889,LV,Sakret (Latvijas Pasts),Alūksne,Latgales iela 3B,LV-4301,57.420592413,27.052924250,2026-02-07 09:28:57.716,
8882,LV,Rimi (Latvijas Pasts),Rīga,Mīlgrāvja iela 14,LV-1034,57.025436065,24.139507529,2026-02-07 09:26:53.889,
8880,LV,Tirdzniecības Centrs Olimpia (Latvijas Pasts),Rīga,Āzenes iela 5,LV-1048,56.949827542,24.082394104,2026-02-07 09:26:10.177,
8879,LV,Galleria Riga (Latvijas Pasts),Rīga,Dzirnavu iela 67,LV-1011,56.954503964,24.120564987,2026-02-07 09:25:41.904,
8876,LV,Tirdzniecības Centrs Mevi (Latvijas Pasts),Rīga,Līvciema iela 46,LV-1058,56.903420718,24.103291773,2026-02-07 09:24:30.383,
8867,LV,Maxima (Latvijas Pasts),Rīga,Burtnieku iela 39,LV-1084,56.966244156,24.181241576,2026-02-07 09:10:14.058,
8865,LV,Top (Latvijas Pasts),Preiļi,Rēzeknes iela 36,LV-5301,56.298066045,26.731441283,2026-02-07 09:09:49.99,
8858,LV,Dālderi (Latvijas Pasts),Ķekava,Nākotnes iela 1,LV-2123,56.827772229,24.238725888,2026-02-07 09:06:46.723,
8839,LV,Prestižs (Latvijas Pasts),Ogre,Mednieku iela 21/23,LV-5001,56.825153670,24.602601608,2026-02-06 14:51:57.065,
8806,LV,Lidl (Latvijas Pasts),Rīga,Krasta iela 40,LV-1003,56.936079490,24.137185379,2026-02-06 14:44:29.788,
8803,LV,EuroPark autostāvvieta (Latvijas Pasts),Rīga,Lielgabalu iela 4,LV-1001,56.958622207,24.134489275,2026-02-06 14:43:49.48,
8797,LV,Mego (Latvijas Pasts),Ventspils,Ganību iela 22/24,LV-3601,57.389926805,21.562389094,2026-02-06 14:42:10.133,
8795,LV,Autostāvvieta DAT (Latvijas Pasts),Rīga,Brīvības iela 78A,LV-1001,56.958648908,24.126103306,2026-02-06 14:41:42.012,
8793,LV,Maxima (Latvijas Pasts),Cēsis,Gaujas iela 1/3,LV-4101,57.309658513,25.267189789,2026-02-06 14:41:29.151,
8791,LV,Rimi (Latvijas Pasts),Rīga,Brīvības iela 171,LV-1012,56.967491640,24.148040796,2026-02-06 14:41:03.111,
8790,LV,Mego (Latvijas Pasts),Rēzekne,Atmodas iela 6A,LV-4604,56.523903463,27.350357308,2026-02-06 14:40:52.387,
8789,LV,Mego (Latvijas Pasts),Rīga,Lidoņu iela 27,LV-1055,56.969433502,24.059804925,2026-02-06 14:40:37.92,
8788,LV,Lidl (Latvijas Pasts),Rīga,Tēriņu iela 62,LV-1058,56.911926346,24.066314887,2026-02-06 14:40:23.741,
8786,LV,Spar (Latvijas Pasts),Saldus,Rīgas iela 8,LV-3801,56.664097260,22.493555500,2026-02-06 14:39:59.928,
8782,LV,Lidl (Latvijas Pasts),Rīga,Duntes iela 25,LV-1005,56.992087430,24.124290765,2026-02-06 14:39:14.669,
8780,LV,Lidl (Latvijas Pasts),Rīga,Sporta iela 10,LV-1013,56.963957638,24.117437960,2026-02-06 14:39:01.242,
8773,LV,Lidl (Latvijas Pasts),Ventspils,Kuldīgas iela 90,LV-3601,57.380724055,21.568390761,2026-02-06 14:37:37.443,
8772,LV,Top (Latvijas Pasts),Cēsis,Gaujas iela 29,LV-4101,57.306969035,25.253169830,2026-02-06 14:37:26.042,
8771,LV,Circle K (Latvijas Pasts),Dobele,Jāņa Čakstes iela 1,LV-3701,56.625981748,23.287820971,2026-02-06 14:37:15.576,
8769,LV,Lidl (Latvijas Pasts),Rīga,Dzelzavas iela 75B,LV-1084,56.955784971,24.200427981,2026-02-06 14:37:04.109,
8768,LV,TC Augusts (Latvijas Pasts),Rīga,Andreja Saharova iela 30,LV-1021,56.945359104,24.208919515,2026-02-06 14:36:52.966,
8765,LV,Lidl (Latvijas Pasts),Rīga,Kalnciema iela 38,LV-1083,56.942623020,24.066829572,2026-02-06 14:36:16.678,
8764,LV,Maxima (Latvijas Pasts),Jūrmala,Engures iela 3,LV-2016,56.960308551,23.596775858,2026-02-06 14:36:06.453,
8760,LV,Lidl (Latvijas Pasts),Tukums,Raudas iela 17A,LV-3101,56.970434958,23.154323939,2026-02-06 14:34:55.078,
8759,LV,Lidl (Latvijas Pasts),Rīga,Augusta Deglava iela 160,LV-1021,56.943611471,24.222141267,2026-02-06 14:34:43.991,
8758,LV,Lidl (Latvijas Pasts),Rīga,Valdeķu iela 39A,LV-1058,56.906060657,24.093463397,2026-02-06 14:34:33.592,
8757,LV,Narvesen (Latvijas Pasts),Rīga,Miera iela 2,LV-1001,56.960361250,24.129545889,2026-02-06 14:34:23.468,
8755,LV,Lidl (Latvijas Pasts),Rīga,Sergeja Eizenšteina iela 81,LV-1079,56.959882359,24.231167063,2026-02-06 14:34:01.687,
8754,LV,Lidl (Latvijas Pasts),Liepāja,Ganību iela 182,LV-3407,56.484582590,21.014875910,2026-02-06 14:33:50.459,
8751,LV,Lidl (Latvijas Pasts),Jēkabpils,Ledus iela 5,LV-5201,56.493764416,25.878796295,2026-02-06 14:33:38.753,
8748,LV,Lats (Latvijas Pasts),Garkalne,Vidzemes šoseja 13,LV-2137,57.045155005,24.415268033,2026-02-06 14:33:15.632,
8744,LV,Lidl (Latvijas Pasts),Salaspils,Skolas iela 4A,LV-2121,56.855641727,24.335586668,2026-02-06 14:32:31.488,
8743,LV,Lidl (Latvijas Pasts),Ogre,Kalna prospekts 2A,LV-5001,56.811817566,24.601552235,2026-02-06 14:32:18.957,
8738,LV,Top (Latvijas Pasts),Gulbene,Nākotnes iela 6,LV-4401,57.166163271,26.769701063,2026-02-06 14:20:46.014,
8731,LV,Mego (Latvijas Pasts),Liepāja,Krūmu iela 45/47,LV-3405,56.532405629,21.011209839,2026-02-06 14:18:54.844,
8728,LV,Circle K (Latvijas Pasts),Rīga,Kurbada iela 8,LV-1009,56.947543018,24.136750760,2026-02-06 14:18:27.283,
8724,LV,Elvi (Latvijas Pasts),Ādaži,Rīgas gatve 51,LV-2164,57.080387158,24.317272262,2026-02-06 14:17:18.873,
8717,LV,Mego (Latvijas Pasts),Rīga,Graudu iela 10,LV-1058,56.912607290,24.107652814,2026-02-06 14:15:46.011,
8715,LV,Circle K (Latvijas Pasts),Valmiera,Stacijas iela 29,LV-4201,57.527028684,25.435227036,2026-02-06 14:15:14.113,
8710,LV,Lemon GYM (Latvijas Pasts),Rīga,Dzelzavas iela 72,LV-1082,56.955494723,24.190709262,2026-02-06 14:13:11.716,
8708,LV,Elvi (Latvijas Pasts),Mārupe,Lielā iela 26,LV-2167,56.919720276,24.029435620,2026-02-06 14:12:58.071,
8705,LV,Circle K (Latvijas Pasts),Jelgava,Akadēmijas iela 20,LV-3001,56.647482532,23.730092491,2026-02-06 14:12:26.584,
8703,LV,Maxima (Latvijas Pasts),Rīga,Dzirciema iela 1A,LV-1083,56.949690350,24.053888041,2026-02-06 14:12:10.181,
8701,LV,Maxima (Latvijas Pasts),Jelgava,Meiju ceļš 10,LV-3007,56.658887148,23.707923738,2026-02-06 14:09:29.002,
8697,LV,Rimi (Latvijas Pasts),Rīga,Kalnciema iela 41,LV-1083,56.942355649,24.062703637,2026-02-06 14:08:46.352,
8695,LV,TC Olanija (Latvijas Pasts),Olaine,Zeiferta iela 6,LV-2114,56.788952107,23.941120943,2026-02-06 14:08:31.394,
8683,LV,Veterinārā aptieka Kentaurs (Latvijas Pasts),Rēzekne,Daugavpils iela 2,LV-4601,56.499181364,27.329612090,2026-02-06 14:05:16.671,
8681,LV,Elvi (Latvijas Pasts),Sigulda,Vidus iela 1,LV-2150,57.153239968,24.847942003,2026-02-06 14:04:43.943,
8679,LV,Circle K (Latvijas Pasts),Rīga,Gunāra Astras iela 17,LV-1082,56.950732682,24.185226935,2026-02-06 14:03:33.43,
8677,LV,Circle K (Latvijas Pasts),Rīga,Dzelzavas iela 14,LV-1084,56.962963715,24.169450903,2026-02-06 14:03:16.177,
8674,LV,Circle K (Latvijas Pasts),Daugavpils,Ventspils iela 28,LV-5404,55.874506920,26.545101507,2026-02-06 14:01:11.675,
8672,LV,Circle K (Latvijas Pasts),Liepāja,Esperanto iela 2/8,LV-3401,56.515641752,21.017961132,2026-02-06 14:00:03.995,
8670,LV,Circle K (Latvijas Pasts),Jūrmala,Dubultu prospekts 42A,LV-2015,56.966744504,23.763330083,2026-02-06 13:49:36.67,
8669,LV,Lidl (Latvijas Pasts),Sigulda,Vidzemes šoseja 4,LV-2150,57.141976403,24.843652246,2026-02-06 13:49:23.825,
8668,LV,Circle K (Latvijas Pasts),Rīga,Brīvības gatve 203,LV-1039,56.973952393,24.168118992,2026-02-06 13:48:47.233,
8667,LV,Circle K (Latvijas Pasts),Rīga,Vienības gatve 105,LV-1058,56.909507640,24.084686425,2026-02-06 13:43:47.213,
8665,LV,Circle K (Latvijas Pasts),Rīga,Dzirciema iela 40,LV-1007,56.958521754,24.052552443,2026-02-06 13:43:16.788,
8664,LV,Circle K (Latvijas Pasts),Rīga,Anniņmuižas bulvāris 25A,LV-1067,56.959654360,24.018548482,2026-02-06 13:43:03.376,
8663,LV,Circle K (Latvijas Pasts),Rīga,Jūrmalas gatve 5A,LV-1007,56.951873148,24.054367958,2026-02-06 13:42:51.038,
8662,LV,Circle K (Latvijas Pasts),Rīga,Augusta Deglava iela 164C,LV-1021,56.942825173,24.229730179,2026-02-06 13:42:39.029,
8660,LV,Lidl (Latvijas Pasts),Jelgava,Rīgas iela 50,LV-3004,56.668868177,23.762785555,2026-02-06 13:01:51.297,
8659,LV,Lidl (Latvijas Pasts),Rīga,Anniņmuižas iela 8A,LV-1029,56.945739762,24.010536479,2026-02-06 13:01:36.841,
8658,LV,Lidl (Latvijas Pasts),Rīga,Brīvības gatve 254,LV-1039,56.975210923,24.174079770,2026-02-06 13:01:18.344,
8657,LV,Lidl (Latvijas Pasts),Rīga,Stirnu iela 31,LV-1084,56.959447559,24.184678192,2026-02-06 13:00:24.962,
8656,LV,Lidl (Latvijas Pasts),Rīga,Ilūkstes iela 2A,LV-1082,56.932964633,24.196033282,2026-02-06 13:00:09.46,
8655,LV,Rimi (Latvijas Pasts),Rīga,Mārupes iela 10A,LV-1002,56.931965068,24.072955902,2026-02-06 12:59:53.839,
8653,LV,TC Venta (Latvijas Pasts),Rīga,Zolitūdes iela 34,LV-1029,56.949028190,23.999917804,2026-02-06 12:59:27.376,
8636,LV,Rimi (Latvijas Pasts),Rīga,Stirnu iela 26,LV-1084,56.958709134,24.185874902,2026-02-06 12:57:45.444,
8635,LV,Rimi (Latvijas Pasts),Rīga,Anniņmuižas bulvāris 90,LV-1029,56.954292296,24.008056251,2026-02-06 12:57:34.064,
8633,LV,TC A7 (Latvijas Pasts),Krustkalni,Džutas,LV-2111,56.895875720,24.139057128,2026-02-06 12:57:21.928,
8631,LV,Rimi (Latvijas Pasts),Rīga,Valdeķu iela 51A,LV-1058,56.902862894,24.092913592,2026-02-06 12:56:58.87,
8630,LV,Rimi (Latvijas Pasts),Rīga,Krišjāņa Valdemāra iela 112,LV-1013,56.974556388,24.136915533,2026-02-06 12:56:47.51,
8626,LV,Maxima (Latvijas Pasts),Preiļi,Rēzeknes iela 4A,LV-5301,56.294697166,26.726060641,2026-02-06 12:43:15.514,
8623,LV,Rimi (Latvijas Pasts),Aizkraukle,Spīdolas iela 17,LV-5101,56.602651437,25.250653421,2026-02-06 12:42:17.842,
8620,LV,Top (Latvijas Pasts),Dobele,Muldavas iela 3A,LV-3701,56.628371126,23.279935737,2026-02-06 12:17:27.663,
8616,LV,Rimi (Latvijas Pasts),Bauska,Pionieru iela 2,LV-3901,56.405840209,24.188875453,2026-02-06 12:16:39.922,
8609,LV,Rimi (Latvijas Pasts),Rēzekne,Galdnieku iela 8,LV-4601,56.501881914,27.329816478,2026-02-06 12:15:44.828,
8605,LV,Rimi (Latvijas Pasts),Jelgava,Katoļu iela 18,LV-3001,56.647501189,23.726292668,2026-02-06 12:14:55.021,
8604,LV,Rimi (Latvijas Pasts),Valmiera,Fabrikas iela 2,LV-4201,57.533720081,25.424265265,2026-02-06 12:14:41.302,
8603,LV,Maxima (Latvijas Pasts),Saldus,Striķu iela 10C,LV-3801,56.665567041,22.495471287,2026-02-06 12:14:28.536,
8602,LV,Rimi (Latvijas Pasts),Rīga,Gobas iela 14,LV-1016,57.033239263,24.048143379,2026-02-06 12:14:15.829,
8255,LV,Top (Latvijas Pasts),Rīga,Paula Lejiņa iela 8,LV-1029,56.946996770,24.016849071,2026-02-06 12:09:22.843,
8239,LV,Rītupes iela Maxima (Latvijas Pasts),Rīga,Rītupes iela 2,LV-1019,56.931963343,24.167995823,2026-02-06 12:04:25.791,
8238,LV,Remtes iela Lidl (Latvijas Pasts),Rīga,Remtes iela 21,LV-1046,56.927839465,24.036917524,2026-02-06 12:04:15.073,
8237,LV,Medemciems (Latvijas Pasts),Medemciems,Medemciema iela 2,LV-2127,56.856857168,24.065085938,2026-02-06 12:04:02.026,
8236,LV,Juglas iela Rimi (Latvijas Pasts),Rīga,Juglas iela 25,LV-1024,56.982772922,24.249638568,2026-02-06 12:03:50.479,
8235,LV,Gravas iela Elvi (Latvijas Pasts),Kuldīga,Gravas iela 1,LV-3301,56.973448068,21.958046701,2026-02-06 12:03:37.746,
8234,LV,Čiekurkalna 2.līnija Maxima (Latvijas Pasts),Rīga,Čiekurkalna 2. līnija 25,LV-1026,56.985491902,24.171313920,2026-02-06 12:03:25.908,
8232,LV,Barkava Pašvaldība (Latvijas Pasts),Barkava,Brīvības iela 9,LV-4834,56.726342322,26.608676774,2026-02-06 12:02:01.329,
8231,LV,Aibe (Latvijas Pasts),Kabile,Rīti,LV-3314,56.950434939,22.394880931,2026-02-06 12:01:48.922,
8230,LV,Rimi (Latvijas Pasts),Rīga,Augusta Deglava iela 110,LV-1082,56.947530738,24.193660391,2026-02-06 12:01:36.983,
8228,LV,Kafejnīca (Latvijas Pasts),Biksti,Kafejnīca,LV-3713,56.664153685,22.969127372,2026-02-06 12:01:12.371,
8227,LV,Lats (Latvijas Pasts),Lielvārde,Rembates iela 11,LV-5070,56.724045851,24.806376307,2026-02-06 12:01:00.772,
8226,LV,Top (Latvijas Pasts),Daugavpils,Gaismas iela 12,LV-5414,55.867753261,26.584494980,2026-02-06 12:00:46.104,
8225,LV,Top (Latvijas Pasts),Valmiera,Brīvības iela 62,LV-4202,57.545479780,25.445626932,2026-02-06 12:00:32.068,
8223,LV,TC Baata (Latvijas Pasts),Liepāja,Klaipēdas iela 104C,LV-3416,56.486683609,21.005076212,2026-02-06 12:00:04.649,
8222,LV,TC XL Sala (Latvijas Pasts),Liepāja,Klaipēdas iela 62,LV-3416,56.491776088,21.003780919,2026-02-06 11:59:30.653,
8221,LV,Aibe (Latvijas Pasts),Ezere,Muciņas,LV-3891,56.408130472,22.365094817,2026-02-06 11:59:15.915,
8219,LV,Circle K (Latvijas Pasts),Daugmale,Augstceltne,LV-2124,56.821796545,24.414432205,2026-02-06 11:58:32.672,
8218,LV,Circle K (Latvijas Pasts),Rīga,Ziepniekkalna iela 9,LV-1004,56.912350680,24.122892531,2026-02-06 11:58:10.886,
8217,LV,Top (Latvijas Pasts),Staicele,Lielā iela 6,LV-4043,57.835747668,24.746308848,2026-02-06 11:57:59.08,
8215,LV,Aptieka (Latvijas Pasts),Zasa,Zaļā iela 10,LV-5239,56.293894763,25.979577247,2026-02-06 11:57:45.356,
8213,LV,Top (Latvijas Pasts),Iecava,Edvarta Virzas iela 2,LV-3913,56.595117887,24.207145908,2026-02-06 11:57:31.622,
8211,LV,Pepsi (Latvijas Pasts),Langstiņi,Elenburgas iela 5,LV-2137,57.008320068,24.328348858,2026-03-09 12:20:16.552,
8210,LV,Top (Latvijas Pasts),Seda,Saules iela 10,LV-4728,57.650358110,25.749270829,2026-02-06 11:56:38.301,
8207,LV,Zobārstniecība (Latvijas Pasts),Salaspils,Miera iela 24B,LV-2169,56.863741394,24.368757841,2026-02-06 11:55:49.604,
8203,LV,Pūre Citro (Latvijas Pasts),Pūre,Roze,LV-3124,57.038497757,22.912326463,2026-02-06 11:54:58.477,
8202,LV,Lats (Latvijas Pasts),Jaungulbene,Lauksaimniecības Skola 16,LV-4420,57.063369004,26.598336816,2026-02-06 11:54:43.549,
8937,LV,Raina iela (Latvijas Pasts),Jelgava,Raiņa iela 20,LV-3001,56.648170774,23.720351715,2026-02-07 10:02:14.318,
8735,LV,Maxima (Latvijas Pasts),Lielvārde,Lāčplēša iela 14,LV-5070,56.718223413,24.814764253,2026-02-06 14:20:13.154,
8711,LV,TC Sāga (Latvijas Pasts),Ulbroka,Biķeru iela 4,LV-2130,56.950468884,24.253664080,2026-02-06 14:13:25.811,
8618,LV,Maxima (Latvijas Pasts),Talsi,Rīgas iela 8,LV-3201,57.238626292,22.585078328,2026-02-06 12:16:58.906,
8987,LV,Bukulti Ādažu iela Spar (Latvijas Pasts),Bukulti,Ādažu iela 26,LV-1024,57.019846061,24.259390313,2026-02-07 10:17:50.827,
8936,LV,Maxima (Latvijas Pasts),Rīga,Gaigalas iela 29,LV-1016,57.027156874,24.049667550,2026-02-07 10:01:55.272,
8920,LV,Lats (Latvijas Pasts),Rīga,Taisnā iela 26,LV-1063,56.867676150,24.270490927,2026-02-07 09:54:14.333,
8888,LV,Top (Latvijas Pasts),Dobele,Krasta iela 7,LV-3701,56.616332807,23.283163106,2026-02-07 09:28:47.785,
8776,LV,Dzelzceļa stacija Madona (Latvijas Pasts),Madona,Saules iela 4,LV-4801,56.851158975,26.220383588,2026-02-06 14:38:22.505,
8775,LV,Top (Latvijas Pasts),Balvi,Partizānu iela 6,LV-4501,57.132393456,27.263875685,2026-02-06 14:38:08.674,
8749,LV,Lidl (Latvijas Pasts),Jūrmala,Talsu šoseja 40,LV-2016,56.961760135,23.615556559,2026-02-06 14:33:27.436,
8740,LV,Rimi (Latvijas Pasts),Ikšķile,Melioratoru iela 1,LV-5052,56.836680499,24.498595162,2026-02-06 14:21:16.928,
8694,LV,Carnikavas pasta nodaļa (Latvijas Pasts),Carnikava,Stacijas iela 7,LV-2163,57.128558940,24.278237762,2026-02-06 14:08:15.232,
8691,LV,Smiltenes pasta nodaļa (Latvijas Pasts),Smiltene,Dārza iela 1,LV-4729,57.424171862,25.907281147,2026-02-06 14:07:30.331,
8687,LV,Gulbenes 1. pasta nodaļa (Latvijas Pasts),Gulbene,Rīgas iela 28,LV-4401,57.170982793,26.758182180,2026-02-06 14:06:36.136,
8229,LV,Aibe (Latvijas Pasts),Durbe,Raiņa iela 49,LV-3440,56.588019084,21.373255598,2026-02-06 12:01:23.508,
8224,LV,Aibe (Latvijas Pasts),Zaķumuiža,Parka iela 4,LV-2133,56.969251929,24.485396864,2026-02-06 12:00:17.723,
8220,LV,Pūķis (Latvijas Pasts),Nītaure,Pūķis,LV-4112,57.071708495,25.193649345,2026-02-06 11:58:44.331,
8208,LV,Top (Latvijas Pasts),Subate,Tirgus laukums 22,LV-5471,56.003278065,25.906773247,2026-02-06 11:56:13.663,
8925,LV,Maxima (Latvijas Pasts),Daugavpils,Arhitektu iela 3,LV-5410,55.891738556,26.559793811,2026-02-07 09:55:17.728,
8612,LV,TC Solo (Latvijas Pasts),Daugavpils,Rīgas iela 9,LV-5401,55.871867192,26.517878992,2026-02-06 12:16:15.084,
8985,LV,Top (Latvijas Pasts),Alūksne,Pils iela 38,LV-4301,57.425909169,27.040470761,2026-02-07 10:17:28.955,
8201,LV,Lats (Latvijas Pasts),Lejasciems,Rīgas iela 23A,LV-4412,57.277855962,26.575540435,2026-02-06 11:54:30.355,
8950,LV,Senā Bode (Latvijas Pasts),Rīga,Berģu iela 72B,LV-1024,56.990887514,24.290161954,2026-02-07 10:07:29.61,
8892,LV,Veterinārārstu prakse (Latvijas Pasts),Madona,Raiņa iela 34,LV-4801,56.856578943,26.209681690,2026-02-07 09:29:32.465,
8841,LV,Top (Latvijas Pasts),Limbaži,Stacijas iela 22,LV-4001,57.509512141,24.720976228,2026-02-06 14:52:29.091,
8800,LV,Maxima (Latvijas Pasts),Rīga,Juglas iela 45,LV-1064,56.978237868,24.253293462,2026-02-06 14:43:05.081,
8787,LV,Rimi (Latvijas Pasts),Ādaži,Gaujas iela 6,LV-2164,57.076384789,24.322648591,2026-02-06 14:40:11.549,
8713,LV,Top (Latvijas Pasts),Ādaži,Gaujas iela 20,LV-2164,57.078559668,24.329216527,2026-02-06 14:14:39.384,
8673,LV,Circle K (Latvijas Pasts),Rēzekne,Atbrīvošanas aleja 143B,LV-4604,56.524323363,27.340781480,2026-02-06 14:00:27.239,
0006,LT,PC Kalnėnai,Vilnius,Estų g. 1,11330,54.652426,25.343151,2026-01-01 12:30:00.796,,
9087,EE,Laulasmaa Meie,Laulasmaa,Laulasmaa tee 2,76702,59.37725,24.23955,2026-01-01 12:30:08.541,Paštomatas stovi parduotuvės automobilių stovėjimo aikštelėje.
9086,EE,Grossi Järva-Jaani,Järva-Jaani,Lai 23,73301,59.038472330,25.883423258,2026-01-01 12:30:08.532,Paštomatas stovi kairėje pusėje nuo įėjimo į parduotuvę.
8200,LV,Rimi (Latvijas Pasts),Rīga,Dzelzavas iela 86,LV-1082,56.954142622,24.204956967,2026-02-06 11:53:27.221,
8998,LV,Aibe (Latvijas Pasts),Taurupe,Rūķīši,LV-5064,56.882808633,25.339460732,2026-02-07 10:19:55.946,
8996,LV,Ance Lats (Latvijas Pasts),Ance,Aptieka,LV-3612,57.514079395,22.020674942,2026-02-07 10:19:34.316,
8992,LV,Top (Latvijas Pasts),Aglona,Somersētas iela 33,LV-5304,56.131627382,27.007134777,2026-02-07 10:18:43.925,
8990,LV,Vesko (Latvijas Pasts),Āne,Celtnieku iela 8,LV-3043,56.646928891,23.809692939,2026-02-07 10:18:34.418,
8989,LV,Lēdmane Pagastmāja (Latvijas Pasts),Lēdmane,Pagastmāja,LV-5011,56.767881799,24.999683529,2026-02-07 10:18:23.526,
8983,LV,Maxima (Latvijas Pasts),Rīga,Jaunciema gatve 174,LV-1023,57.043953069,24.173741917,2026-02-07 10:17:04.232,
8976,LV,Spar (Latvijas Pasts),Rīga,Meža prospekts 26,LV-1014,57.005085248,24.157393305,2026-02-07 10:15:40.963,
8714,LV,TC Aveņu Centrs (Latvijas Pasts),Daugavpils,Raipoles iela 11A,LV-5422,55.900196169,26.526322111,2026-02-06 14:14:57.875,
8984,LV,Leļļu teātris (Latvijas Pasts),Rīga,Elizabetes iela 81,LV-1050,56.950595010,24.121703150,2026-02-07 10:17:14.836,
8978,LV,Lats (Latvijas Pasts),Piltene,Lielā iela 4,LV-3620,57.223427968,21.673316498,2026-03-20 11:01:57.467,
8975,LV,Rugāji (Latvijas Pasts),Rugāji,Kurmenes iela 36,LV-4570,57.001511916,27.129758041,2026-02-07 10:15:29.059,
8971,LV,Top (Latvijas Pasts),Tukums,Eksporta iela 6,LV-3104,56.952965623,23.115983367,2026-02-07 10:14:40.99,
8970,LV,Citro (Latvijas Pasts),Druva,Dārza iela 2A,LV-3862,56.694798877,22.450278625,2026-02-07 10:14:28.488,
8969,LV,Vesko (Latvijas Pasts),Skaistkalne,Rīgas iela 3,LV-3924,56.379178082,24.644851517,2026-02-07 10:14:17.967,
8968,LV,Lats (Latvijas Pasts),Upesciems,Ziedu iela 2C,LV-2137,56.980550653,24.335590553,2026-02-07 10:14:06.351,
8963,LV,Top (Latvijas Pasts),Valmiermuiža,Valmiermuižas iela 11,LV-4219,57.560405049,25.427195837,2026-02-07 10:13:02.059,
8961,LV,Ādaži (Latvijas Pasts),Ādaži,Ūbeļu iela 2,LV-2164,57.070289538,24.354245198,2026-02-07 10:12:38.458,
8960,LV,Lats (Latvijas Pasts),Valle,Mazie Melderi,LV-5106,56.510647309,24.723388279,2026-02-07 10:12:12.626,
8959,LV,Smārde (Latvijas Pasts),Smārde,Jaunā iela 9,LV-3129,56.945524906,23.338073528,2026-02-07 10:12:00.025,
8958,LV,Senā Bode (Latvijas Pasts),Tīnūži,Krustceles,LV-5015,56.864630611,24.561771206,2026-02-07 10:11:39.221,
8957,LV,Pilsrundāle Tirgus  (Latvijas Pasts),Pilsrundāle,Pilsrundāle 2,LV-3921,56.421697468,24.005657593,2026-02-07 10:11:20.162,
8953,LV,Top (Latvijas Pasts),Līvbērze,Jelgavas iela 7,LV-3014,56.688160050,23.497557410,2026-02-07 10:09:29.563,
8940,LV,Aibe (Latvijas Pasts),Kalnciems,Lielā iela 11,LV-3016,56.799424791,23.615843895,2026-02-07 10:03:10.68,
8935,LV,Top (Latvijas Pasts),Sala,Susējas iela 11,LV-5230,56.508078040,25.763667822,2026-02-07 10:01:31.509,
8931,LV,Aibe (Latvijas Pasts),Mandegas,Vizbuļu iela 2,LV-4025,57.330104399,24.490527237,2026-02-07 09:59:05.161,
8930,LV,Lats (Latvijas Pasts),Slampe,Kārumi,LV-3119,56.849744079,23.296316096,2026-02-07 09:57:26.412,
8929,LV,Bēne (Latvijas Pasts),Bēne,Jelgavas iela 14,LV-3711,56.482540210,23.068413972,2026-02-07 09:56:55.452,
8928,LV,Lats (Latvijas Pasts),Straupe,Braslas iela 1,LV-4152,57.355440924,24.951079115,2026-02-07 09:56:41.047,
8927,LV,Top (Latvijas Pasts),Uzvara,Skolas iela 2,LV-3931,56.318159233,24.255115241,2026-02-07 09:56:21.228,
8926,LV,Lats (Latvijas Pasts),Allaži,Zaļkalna iela 3A,LV-2154,57.062595109,24.843796509,2026-02-07 09:55:29.393,
8918,LV,Aibe (Latvijas Pasts),Liepāja,Atmodas bulvāris 10C,LV-3414,56.555863222,21.008448037,2026-02-07 09:53:13.416,
8914,LV,Katlakans (Latvijas Pasts),Katlakalns,Pļavniekkalna iela 41A,LV-2111,56.875252646,24.178750283,2026-02-07 09:38:23.388,
8909,LV,Mego (Latvijas Pasts),Baloži,Rīgas iela 14,LV-2112,56.875234459,24.118521427,2026-02-07 09:36:19.503,
8907,LV,Lēdurga (Latvijas Pasts),Lēdurga,Emiļa Melngaiļa iela 2,LV-4012,57.323688597,24.743671653,2026-02-07 09:35:42.068,
8906,LV,AlkOutlet (Latvijas Pasts),Ainaži,Valdemāra iela 36,LV-4035,57.864679677,24.358374044,2026-02-07 09:35:25.933,
8905,LV,Piebalga (Latvijas Pasts),Vecpiebalga,Būvmateriālu veikals Piebalga,LV-4122,57.062698316,25.808462457,2026-02-07 09:34:44.057,
8904,LV,Lats (Latvijas Pasts),Gaujiena,Gaujas,LV-4339,57.517214010,26.399339302,2026-02-07 09:32:20.667,
8903,LV,Aibe (Latvijas Pasts),Suntaži,Suntažu veikals 4,LV-5060,56.903748726,24.928944293,2026-02-07 09:31:48.307,
8901,LV,Lats (Latvijas Pasts),Vandzene,Kastaņas,LV-3281,57.310747075,22.776518292,2026-02-07 09:31:38.325,
8900,LV,Strautiņi (Latvijas Pasts),Sauleskalns,Raiņa iela 4,LV-4853,56.805573627,26.077270726,2026-02-07 09:31:27.414,
8899,LV,Veikals Spicīte (Latvijas Pasts),Jumprava,Ceriņu iela 3,LV-5022,56.675388043,24.973469645,2026-02-07 09:31:16.104,
8898,LV,Top (Latvijas Pasts),Vaiņode,Brīvības iela 13,LV-3435,56.416671187,21.854174659,2026-02-07 09:31:04.896,
8895,LV,Grīziņdārzs (Latvijas Pasts),Rīga,Zemitāna iela 9,LV-1012,56.965507678,24.154315412,2026-02-07 09:30:26.712,
8890,LV,Lats (Latvijas Pasts),Augšlīgatne,Nītaures iela 8,LV-4108,57.183116511,25.034114645,2026-02-07 09:29:08.403,
8886,LV,Mego (Latvijas Pasts),Jelgava,Dobeles šoseja 7,LV-3007,56.651238384,23.706498722,2026-02-07 09:28:31.23,
8885,LV,Top (Latvijas Pasts),Auce,Baznīcas iela 1,LV-3708,56.464784827,22.892101613,2026-02-07 09:27:55.39,
8884,LV,Bice (Latvijas Pasts),Jaunmārupe,Mazcenu aleja 33/1,LV-2166,56.882095795,23.941959164,2026-02-07 09:27:18.651,
8878,LV,Vesko (Latvijas Pasts),Vecumnieki,Rīgas iela 26,LV-3933,56.606202110,24.521048711,2026-02-07 09:25:05.433,
8872,LV,Citro (Latvijas Pasts),Kārsava,Sporta iela 6,LV-5717,56.786289338,27.675294797,2026-02-07 09:21:29.958,
8870,LV,Lats (Latvijas Pasts),Roja,Selgas iela 2,LV-3264,57.505651914,22.801079661,2026-02-07 09:12:44.013,
8868,LV,Top (Latvijas Pasts),Lubāna,Ozolu iela 11,LV-4830,56.903423598,26.713266717,2026-02-07 09:10:31.614,
8864,LV,Mego (Latvijas Pasts),Rīga,Mīlgrāvja iela 2,LV-1034,57.021406633,24.135737060,2026-02-07 09:09:30.133,
8863,LV,Citro (Latvijas Pasts),Engure,Jūras iela 81,LV-3113,57.161147927,23.229023205,2026-02-07 09:09:14.922,
8859,LV,Citro (Latvijas Pasts),Sabile,Ventspils iela 9,LV-3294,57.046264764,22.571153293,2026-02-07 09:07:34.738,
8854,LV,Lats (Latvijas Pasts),Aloja,Jūras iela 12,LV-4064,57.766932575,24.884374580,2026-02-07 09:05:22.042,
8853,LV,Top (Latvijas Pasts),Nereta,Raiņa iela 6,LV-5118,56.204234301,25.307618058,2026-02-06 14:55:12.067,
8852,LV,Citro (Latvijas Pasts),Alsunga,Skolas iela 5,LV-3306,56.979233876,21.569450059,2026-02-06 14:54:58.112,
8851,LV,Lats (Latvijas Pasts),Ugāle,Skolas iela 7,LV-3615,57.277297017,22.018057365,2026-02-06 14:54:46.242,
8850,LV,Maks (Latvijas Pasts),Viļaka,Balvu iela 2,LV-4583,57.184466075,27.671922832,2026-02-06 14:54:27.551,
8849,LV,Lats (Latvijas Pasts),Mālpils,Nākotnes iela 8,LV-2152,57.010382235,24.952579781,2026-02-06 14:54:15.901,
8848,LV,Elvi (Latvijas Pasts),Taurene,Lauras,LV-4119,57.159374443,25.663981160,2026-02-06 14:54:00.666,
8847,LV,Top (Latvijas Pasts),Ērgļi,Rīgas iela 13,LV-4840,56.897340018,25.635104094,2026-02-06 14:53:48.457,
8845,LV,Top (Latvijas Pasts),Viesīte,Raiņa iela 23,LV-5237,56.345871089,25.556496778,2026-02-06 14:53:17.66,
8844,LV,Top (Latvijas Pasts),Cesvaine,Augusta Saulieša iela 2,LV-4871,56.968461905,26.307517985,2026-02-06 14:53:04.213,
8842,LV,Lats (Latvijas Pasts),Jaunkalsnava,Vesetas iela 5,LV-4860,56.688684552,25.969765053,2026-02-06 14:52:39.879,
8840,LV,Top (Latvijas Pasts),Jaunpils,Jāņkrogs,LV-3145,56.731299449,23.014118356,2026-02-06 14:52:11.671,
8838,LV,Ziedu veikals Kamēlija (Latvijas Pasts),Ropaži,Kastanīši,LV-2135,56.973052253,24.633972555,2026-02-06 14:51:45.644,
8837,LV,Lats (Latvijas Pasts),Nīca,Skolas iela 6,LV-3473,56.346033237,21.066376496,2026-02-06 14:51:32.898,
8836,LV,Top (Latvijas Pasts),Krauja,Daugavas iela 23,LV-5451,55.906513952,26.650743799,2026-02-06 14:51:17.341,
8834,LV,Top (Latvijas Pasts),Varakļāni,Pils iela 7D,LV-4838,56.611131896,26.758497491,2026-02-06 14:50:51.799,
8833,LV,Top (Latvijas Pasts),Mazsalaca,Baznīcas iela 2,LV-4215,57.859647828,25.056575867,2026-02-06 14:50:41.9,
8832,LV,Elvi (Latvijas Pasts),Ragana,Tirgus iela 10,LV-2144,57.181372826,24.715880919,2026-02-06 14:50:30.842,
8831,LV,Aibe (Latvijas Pasts),Dundaga,Talsu iela 20,LV-3270,57.506731123,22.349281156,2026-02-06 14:50:18.933,
8828,LV,Top (Latvijas Pasts),Eleja,Stacijas iela 2,LV-3023,56.408565989,23.681127936,2026-02-06 14:49:50.231,
8827,LV,Top (Latvijas Pasts),Jaunpiebalga,Gaujas iela 25B,LV-4125,57.177150389,26.032778420,2026-02-06 14:49:36.248,
8826,LV,Top (Latvijas Pasts),Skrīveri,Daugavas iela 97,LV-5125,56.649728585,25.120851085,2026-02-06 14:49:24.474,
8825,LV,Top (Latvijas Pasts),Aknīste,Augšzemes iela 17,LV-5208,56.161406407,25.748921849,2026-02-06 14:49:11.655,
8824,LV,Top (Latvijas Pasts),Rauna,Cēsu iela 2,LV-4131,57.331642041,25.609117716,2026-02-06 14:48:53.9,
8822,LV,Citro (Latvijas Pasts),Mērsrags,Lielā iela 31,LV-3284,57.336870672,23.122945519,2026-02-06 14:48:23.606,
8821,LV,Pasts (Latvijas Pasts),Priekule,Aizputes iela 16,LV-3434,56.446914876,21.584941704,2026-02-06 14:48:08.312,
8820,LV,Aibe (Latvijas Pasts),Priekuļi,Cēsu prospekts 44,LV-4126,57.313365307,25.358767100,2026-02-06 14:47:52.241,
8819,LV,Latvijas aptieka (Latvijas Pasts),Lapmežciems,Franči,LV-3118,57.001951749,23.514440844,2026-02-06 14:47:41.202,
8818,LV,Lats (Latvijas Pasts),Jaunjelgava,Jelgavas iela 3A,LV-5134,56.616334931,25.075782515,2026-02-06 14:47:27.51,
8817,LV,Top (Latvijas Pasts),Nākotne,Skolas iela 4,LV-3040,56.619833080,23.440093216,2026-02-06 14:47:15.212,
8816,LV,Elvi (Latvijas Pasts),Ogresgals,Steigas 4,LV-5041,56.807742554,24.728953548,2026-02-06 14:47:03.559,
8815,LV,TOP (Latvijas Pasts),Liepa,Rūpnīcas iela 8A,LV-4128,57.388150498,25.419663003,2026-02-06 14:46:47.251,
8814,LV,TOP (Latvijas Pasts),Liepāja,Sila iela 3,LV-3402,56.553988183,21.042385028,2026-02-06 14:46:35.334,
8812,LV,Citro (Latvijas Pasts),Stende,Brīvības iela 12,LV-3257,57.147063936,22.535501233,2026-02-06 14:45:50.697,
8810,LV,Aibe (Latvijas Pasts),Skrunda,Oskara Kalpaka iela 2,LV-3326,56.676404728,22.018600452,2026-02-06 14:45:24.686,
8809,LV,Aibe (Latvijas Pasts),Inčukalns,Atmodas iela 6,LV-2141,57.098330824,24.686583229,2026-02-06 14:45:09.952,
8808,LV,Lidl (Latvijas Pasts),Jelgava,Dobeles šoseja 45A,LV-3007,56.651825184,23.692777819,2026-02-06 14:44:55.374,
8805,LV,Top (Latvijas Pasts),Pāvilosta,Dzintaru iela 69,LV-3466,56.887209371,21.189194849,2026-02-06 14:44:16.466,
8804,LV,Elvi (Latvijas Pasts),Madliena,Tirdzniecības centrs,LV-5045,56.846576022,25.156731976,2026-02-06 14:44:04.227,
8802,LV,Rīgas 44. pasta nodaļa (Latvijas Pasts),Lidosta Rīga,Ziemeļu iela 10,LV-1044,56.927952079,23.987365526,2026-02-06 14:43:34.976,
8801,LV,Maxima (Latvijas Pasts),Rīga,Rusova iela 1,LV-1026,56.989593992,24.167169162,2026-02-06 14:43:19.822,
8796,LV,Lats (Latvijas Pasts),Tērvete,Īkšķīši,LV-3730,56.480626375,23.380625110,2026-02-06 14:41:56.844,
8784,LV,Maxima (Latvijas Pasts),Jēkabpils,Rīgas iela 109,LV-5202,56.501351975,25.873224711,2026-02-06 14:39:36.665,
8783,LV,Elvi (Latvijas Pasts),Koknese,Lāčplēša iela 5,LV-5113,56.645051167,25.433176680,2026-02-06 14:39:25.776,
8778,LV,Lats (Latvijas Pasts),Pļaviņas,Odzienas iela 2,LV-5120,56.617156368,25.720689912,2026-02-06 14:38:34.028,
8763,LV,Baldones Pasta nodaļa (Latvijas Pasts),Baldone,Rīgas iela 87,LV-2125,56.742936868,24.400386405,2026-02-06 14:35:56.174,
8762,LV,Elvi (Latvijas Pasts),Kadaga,Mežavēju iela 1,LV-2103,57.090733827,24.358120007,2026-02-06 14:35:18.885,
8761,LV,Elvi (Latvijas Pasts),Babīte,Liepu aleja 15A,LV-2101,56.956401987,23.948289095,2026-02-06 14:35:05.32,
8747,LV,Aibe (Latvijas Pasts),Vangaži,Gaujas iela 19A,LV-2136,57.092686730,24.544339261,2026-02-06 14:33:03.156,
8746,LV,Pepsi centrs (Latvijas Pasts),Rīga,Uzvaras bulvāris 10,LV-1048,56.938789798,24.090932150,2026-02-06 14:32:42.836,
8742,LV,Mego (Latvijas Pasts),Rīga,Biķernieku iela 16A,LV-1039,56.970826402,24.180803264,2026-02-06 14:32:01.961,
8739,LV,Elvi (Latvijas Pasts),Kalngale,Ērgļu iela 1B,LV-2163,57.081253846,24.158969531,2026-02-06 14:21:02.321,
8737,LV,Senā Bode (Latvijas Pasts),Jūrmala,Asaru prospekts 14,LV-2008,56.958928879,23.689433439,2026-02-06 14:20:30.271,
8734,LV,Mego (Latvijas Pasts),Saulkrasti,Bērzu aleja 1,LV-2161,57.314694511,24.414118446,2026-02-06 14:19:55.988,
8733,LV,Top (Latvijas Pasts),Aizpute,Zvaigžņu iela 2,LV-3456,56.718949012,21.607274962,2026-02-06 14:19:33.224,
8732,LV,Elvi (Latvijas Pasts),Ķegums,Ķeguma prospekts 5C,LV-5020,56.743748971,24.718083988,2026-02-06 14:19:09.292,
8725,LV,Veterinārā klīnika (Latvijas Pasts),Ozolnieki,Meliorācijas iela 2,LV-3018,56.688989089,23.791098234,2026-02-06 14:17:36.045,
8723,LV,TC Spice Home (Latvijas Pasts),Rīga,Jaunmoku iela 13,LV-1046,56.931405161,24.039500754,2026-02-06 14:17:04.718,
8720,LV,Top (Latvijas Pasts),Rūjiena,Brīvības iela 8,LV-4240,57.897405752,25.324602875,2026-02-06 14:16:18.178,
8719,LV,Mego (Latvijas Pasts),Brocēni,Lielcieceres iela 1A,LV-3851,56.683676954,22.566727703,2026-02-06 14:16:01.949,
8698,LV,Top (Latvijas Pasts),Salacgrīva,Rīgas iela 13,LV-4033,57.751100728,24.357115074,2026-02-06 14:09:00.454,
8689,LV,Ķekavas pasta nodaļa (Latvijas Pasts),Ķekava,Gaismas iela 17A,LV-2123,56.824275737,24.230118229,2026-02-06 14:07:12.394,
8685,LV,AlkOutlet (Latvijas Pasts),Saulkrasti,Ainažu iela 20,LV-2160,57.266336031,24.414752823,2026-02-06 14:05:52.589,
8666,LV,Circle K (Latvijas Pasts),Rīga,Brīvības gatve 265,LV-1006,56.979193698,24.184479773,2026-02-06 13:43:32.66,
8972,LV,Bulduru tirgus (Latvijas Pasts),Jūrmala,Meža prospekts 36 k-1,LV-2010,56.982814355,23.856933305,2026-02-07 10:14:51.763,
8637,LV,Mego (Latvijas Pasts),Rīga,Dzelzavas iela 74,LV-1082,56.955779602,24.192404245,2026-02-06 12:58:02.653,
7549,LT,Kubas (Udrop),Panevėžys,Kniaudiškių g. 42,37119,55.725864695,24.325816582,2026-01-01 12:30:04.898,Paštomatas stovi dešinėje pastato pusėje.
7545,LT,Senukai (Udrop),Panevėžys,Darbo a. 7,35220,55.726056865,24.342256934,2026-01-01 12:30:04.883,Paštomatas stovi kairėje įėjimo į pastatą pusėje.
8560,LV,ELVI (Udrop),Kuldīga,Gravas iela 1,LV-3301,56.973548,21.957985,2026-01-01 12:30:06.271,Paštomatas kairėje įvažiavimo į stovi parkavimo aikštelę pusėje.
9557,EE,Rävala Parkimismaja (Udrop),Tallinn,Rävala pst 5,10145,59.433514825,24.756582688,2026-01-01 12:30:09.464,Paštomatas kairėje įvažiavimo į parkavimo aikštelę pusėje, nuo Rävala gatvės.
0005,LT,Čia Market,Vilnius,S.Krasausko g. 1,25128,54.644724149,25.090887073,2026-01-01 12:30:00.791,Paštomatas matomas iš Lentvario gatvės.
9558,EE,Idakeskus (Udrop),Tallinn,Punane 16b,13619,59.432103840,24.823880376,2026-01-01 12:30:09.468,Paštomatas stovi prie šoninės kairioje įėjimo į PC pusėje.
8081,LV,TC Tobago,Ventspils,Lielais prospekts 3/5,LV-3601,57.387223184,21.580250919,2026-01-01 12:30:05.412,Paštomatas stovi lauke, kairėje įėjimo į parduotuvę pusėje, už kampo.
9560,EE,Peetri Ärimaja (Udrop),Peetri,Vana-Tartu Maantee 79a,75312,59.382289198,24.836407683,2026-02-06 12:54:34.001,
9559,EE,Solaris Keskus (Udrop),Tallinn,Estonia pst 9,10143,59.433537461,24.751549977,2026-01-01 12:30:09.472,Paštomatas stovi dešinėje įėjimo nuo Teatri Väljaku pusėje prie pastato sienos.
9554,EE,Tallinna Arendused AS (Udrop),Tallinn,Veerenni 20,10134,59.425364907,24.748028274,2026-01-01 12:30:09.444,Paštomatas stovi parkavimo aikštelėje prie pesčiųjų tako.
9551,EE,Eeden Keskus  (Udrop),Tartu,Kalda tee 1c,50703,58.373855830,26.749309560,2026-01-01 12:30:09.43,Paštomatas stovi išvažiuojant iš žiedinės sankryžos prie įėjimo į prekybos centrą.
8064,LV,Maxima,Jūrmala,Talsu šoseja 25,LV-2016,56.960541833,23.617701678,2026-03-04 14:27:51.061,
9552,EE,Tööstuse (Udrop),Tallinn,Tööstuse 48a,10416,59.4496842,24.725319,2026-01-01 12:30:09.435,Paštomatas stovi  kairėje įvažiavimo į parkavimo aikštelę pusėje.
9548,EE,Soola 7 Grossi (Udrop),Tartu,Soola 7,51004,58.378332013,26.735419553,2026-01-01 12:30:09.41,Paštomatas stovi kairėje įėjimo į parduotuvę pusėje.
8541,LV,NICE HOME (Udrop),Rīga,Nīcgales iela 18A,LV-1035,56.955791,24.175298,2026-02-05 12:03:26.046,
9543,EE,Sõpruse 249 Konsum (Udrop),Tallinn,Sõpruse pst 249,13412,59.398359168,24.682784247,2026-01-01 12:30:09.377,Paštomatas stovi kairėje įėjimo į parduotuvę pusėje.
9550,EE,Kvissentali Konsum (Udrop),Tartu,Aruküla tee 5,50303,58.401824933,26.709285543,2026-01-01 12:30:09.419,Paštomatas stovi dešinėje įėjimo į parduotuvę pusėje.
9555,EE,Tuukri 56 Europark (Udrop),Tallinn,Tuukri 56,10120,59.439767900,24.772280501,2026-01-01 12:30:09.448,Paštomatas stovi parkavimo aikštelėje gale, kairėje pusėje.
8552,LV,TOP (Udrop),Liepāja,Jelgavas iela 37,LV-3401,56.519258,21.015010,2026-02-05 12:07:24.748,
8088,LV,Mego,Jēkabpils,Vienības iela 1A,LV-5201,56.493513901,25.874582998,2026-02-05 11:27:59.867,
8074,LV,Beta,Rīga,Stirnu iela 45A,LV-1084,56.961727823,24.189698674,2026-02-05 11:22:54.697,
8065,LV,Maxima,Rīga,Jūrmalas gatve 85,LV-1029,56.954041559,24.006325489,2026-02-05 11:17:15.048,
9539,EE,Vikerlase Mini Rimi  (Udrop) ,Tallinn,Vikerlase 19,13616,59.439259673,24.845050980,2026-01-01 12:30:09.347,Paštomatas stovi kairėje įėjimo į parduotuvę pusėje.
8559,LV,AlkOutlet (Udrop),Smiltene,Pils iela 1B,LV-4729,57.424522,25.905483,2026-01-01 12:30:06.268,Paštomatas yra kairėje pusėje nuo įėjimo į parduotuvę.
8079,LV,Minska,Rīga,Nīcgales iela 2A,LV-1035,56.959330487,24.174597089,2026-02-05 11:25:31.16,
9553,EE,Kaubanduskeskus Home Gallery (Udrop),Viljandi,Leola 53,71008,58.377737638,25.594166656,2026-01-01 12:30:09.439,Paštomatas stovi parkavimo aikštelėje, prie sienos.
8558,LV,TC Rīts (Udrop),Valmiera,Stacijas iela 2,LV-4201,57.533258,25.426200,2026-02-05 12:09:07.289,
8556,LV,TOP (Udrop),Valmiera,Georga Apiņa iela 27B,LV-4201,57.544346,25.414443,2026-02-05 12:08:07.512,
8093,LV,Maxima,Rīga,Pētersalas iela 18B,LV-1045,56.968552530,24.100757399,2026-02-05 11:29:10.297,
8085,LV,Maxima,Rīga,Nīcgales iela 46A,LV-1035,56.944824952,24.171747837,2026-02-05 11:27:29.278,
9008,EE,Sütiste Maxima,Tallinn,J. Sütiste tee 28,13411,59.397744150,24.690757491,2026-01-01 12:30:08.082,Paštomatą rasite lauke, kairėje pagrindinio įėjimo į parduotuvę pusėje, priešais parkavimo aikštelę.
8555,LV,TOP (Udrop),Cēsis,Leona Paegles iela 5,LV-4101,57.305088,25.279792,2026-01-01 12:30:06.246,Paštomatas stovi dešinėje pastato pusėje.
8554,LV,TC Maska (Udrop),Rīga,Latgales iela 267,LV-1063,56.920108,24.172817,2026-02-05 12:07:45.689,
8092,LV,Krūza,Rīga,Tīnūžu iela 2,LV-1021,56.934710464,24.203392003,2026-02-05 11:28:38.263,
8077,LV,Valdeka TC,Jelgava,Rīgas iela 11A,LV-3002,56.661643093,23.746695559,2026-01-01 12:30:05.4,Paštomatą rasite lauke, dešinėje pagrindinio įėjimo į parduotuvę pusėje.
8073,LV,Beta,Rīga,Purvciema iela 35,LV-1035,56.953583735,24.175374658,2026-02-05 11:22:03.129,
9556,EE,Ekspressi Maja (Udrop),Tallinn,Aedvilja 1a,10120,59.438106461,24.766143521,2026-01-01 12:30:09.46,Paštomatas stovi priešais pagrindinį įėjimą į pastatą.
8557,LV,Citadele biznesa centrs (Udrop),Rīga,Republikas laukums 2a,LV-1010,56.953477,24.099555,2026-02-05 12:08:31.368,
8553,LV,Raina iela (Udrop),Jelgava,Raiņa iela 20,LV-3001,56.648129,23.720719,2026-01-01 12:30:06.237,Paštomatas stovi kairėje įėjimo į pastatą pusėje.
8549,LV,TC Uga (Udrop),Preiļi,Rīgas iela 4D,LV-5301,56.299563,26.710105,2026-01-01 12:30:06.215,Paštomatas stovi parkavimo aikštelėje, dešinėje įėjimo į parduotuvę pusėje.
8069,LV,Beta,Rīga,Ieriķu iela 41B,LV-1084,56.966289890,24.182189385,2026-02-05 11:19:17.327,
8550,LV,Lastadijas iela (Udrop),Rīga,Lastādijas iela 9,LV-1050,56.941769,24.120873,2026-02-05 12:06:18.115,
8539,LV,TC Domina (Udrop),Rīga,Ieriķu iela 3,LV-1084,56.965661,24.162605,2026-02-05 12:02:16.967,
8083,LV,Maxima,Mārupe,Pededzes iela 1,LV-2167,56.905427097,24.053404615,2026-02-05 11:26:46.558,
8070,LV,Maxima,Saldus,Brīvības iela 30,LV-3801,56.668754140,22.490023107,2026-01-01 12:30:05.366,Paštomatą rasite lauke, kairėje pagrindinio įėjimo į parduotuvę pusėje.
8076,LV,Rimi,Rīga,Vaidavas iela 9B,LV-1084,56.962055414,24.177068867,2026-02-05 11:24:08.423,
9549,EE,Spordihoone kompleks (Udrop),Tartu,Näituse 33,50407,58.376839996,26.699084202,2026-01-01 12:30:09.414,Paštomatas stovi pravažiuojamoje teritorijos dalyje prie pastato sienos.
9544,EE,Jüri Grossi (Udrop),Jüri,Aruküla tee 7,75301,59.354126938,24.892864790,2026-02-06 12:53:46.534,
8551,LV,TOP (Udrop),Liepāja,Jūras iela 25/29,LV-3401,56.511058,21.007105,2026-02-05 12:06:43.215,
8538,LV,TOP (Udrop),Jelgava,Kristapa Helmaņa iela 1,LV-3004,56.659826,23.762745,2026-01-01 12:30:06.157, Paštomatas stovi dešinėje pastato pusėje.
8535,LV,Dubultu prospekta 5  (Udrop),Jūrmala,Dubultu prospekts 5,LV-2015,56.968620,23.773079,2026-01-01 12:30:06.141,Paštomatas stovi iš Blaumana gatvės pusės.
9547,EE,Raatuse Ärikeskus (Udrop),Tartu,Raatuse 20,50603,58.382492543,26.730415393,2026-01-01 12:30:09.405,Paštomatas stovi dešinėje įėjimo į parduotuvę pusėje.
8084,LV,Mego,Salaspils,Skolas iela 9,LV-2121,56.854890593,24.334048059,2026-01-01 12:30:05.428,Paštomatą rasite lauke, kairėje pagrindinio įėjimo į parduotuvę pusėje.
9546,EE,Tammiste Konsum (Udrop),Tammiste,Kellukese tee 2,85009,58.388833706,24.607798135,2026-01-01 12:30:09.392,Paštomatas stovi kairėje įėjimo į parduotuvę pusėje.
9545,EE,Roheruum Tehnopol (Udrop),Tallinn,Teaduspargi 3a,12618,59.397442420,24.657807245,2026-01-01 12:30:09.387,Paštomsatas stovi žaliojoje zonoje tarp automobilių stovėjimo aikštelių.
9542,EE,Vanalinna Europark  (Udrop),Tallinn,Aia 8,10111,59.438077503,24.751350405,2026-01-01 12:30:09.365,Paštomatas matomas nuo Asia  gatvės pusės.
8547,LV,Citro (Udrop),Rīga,Ozolciema iela 46 k-6,LV-1058,56.901922,24.100337,2026-02-05 12:05:31.505,
8546,LV,Shopping area (Udrop),Rīga,Kurzemes prospekts 59A,LV-1067,56.963829,24.029626,2026-02-05 12:05:02.464,
8543,LV,TC Arcada (Udrop),Rīga,Dzelzavas iela 45,LV-1084,56.957905,24.187323,2026-02-05 12:04:19.511,
8537,LV,Deglava tirgus (Udrop),Rīga,Augusta Deglava iela 69B,LV-1082,56.948087,24.194981,2026-02-05 12:01:54.884,
8078,LV,Partika,Rīga,Pavasara gatve 3A,LV-1082,56.935176209,24.197743910,2026-02-05 11:24:54.88,
9537,EE,Läänemere mini Rimi (Udrop),Tallinn,Läänemere tee 2c,13913,59.450715348,24.861424303,2026-01-01 12:30:09.33,Paštomatas stovi dešinėje įėjimo į parduotuvę pusėje.
9541,EE,Virmalise Europark (Udrop),Tallinn,Kristiina 17,10131,59.424888816,24.737413337,2026-01-01 12:30:09.358,Paštomatas stovi parkavimo aikštelės dešinėje nuo įvažiavimo iš Kristiina gatvės.
9538,EE,Tööstuse Rimi Super (Udrop),Tallinn,Tööstuse 103,10416,59.453293338,24.705029031,2026-01-01 12:30:09.335,Paštomatas stovi dešinėje įėjimo į parduotuvę pusėje.
9522,EE,Mööblimaja A1000 Market  (Udrop),Tallinn,Mulla 1,10611,59.435155277,24.718062311,2026-02-06 13:28:12.809,
8548,LV,Mego (Udrop),Rīga,Dzelzavas iela 74,LV-1082,56.955394,24.192757,2026-02-05 12:05:52.855,
8540,LV,Jēkaba Arkāde stāvvieta (Udrop),Rīga,Zigfrīda Annas Meierovica bulvāris 8,LV-1050,56.951858,24.108308,2026-02-05 12:02:43.906,
8536,LV,Mego (Udrop),Jūrmala,Artilērijas iela 2,LV-2011,56.948014,23.618173,2026-01-01 12:30:06.145,Paštomatas stovi dešinėje centrinio įėjimo pusėje.
8532,LV,Āgenskalna Tirgus (Udrop),Rīga,Nometņu iela 64,LV-1002,56.936351,24.072630,2026-02-05 12:01:02.149,
8523,LV,VALDEĶU39 (Udrop),Rīga,Valdeķu iela 39,LV-1058,56.907887,24.093992,2026-02-05 11:57:08.286,
8508,LV,Rimi (Udrop),Daugavpils,Cietokšņa iela 72A,LV-5401,55.878101,26.513576,2026-01-01 12:30:06.006,Paštomatas stovi prie PC, priešais automobilių plovyklą.
8075,LV,Rimi,Rīga,Latgales iela 256B,LV-1063,56.910760840,24.178158857,2026-02-05 11:23:31.017,
8061,LV,Rimi,Piņķi,Rīgas iela 23,LV-2107,56.945320059,23.921588851,2026-01-01 12:30:05.33,Paštomatą rasite lauke dešinėje įėjimo į parduotuvę pusėje, už kampo.
8544,LV,Volvo sporta centrs (Udrop),Rīga,Jūrmalas gatve 78D,LV-1029,56.951084,24.007668,2026-02-05 12:04:41.489,
8542,LV,Shopping center (Udrop),Rīga,Andreja Saharova iela 3A,LV-1082,56.933850,24.200485,2026-02-05 12:03:58.471,
8057,LV,Maxima,Rīga,Mūkusalas iela 73,LV-1004,56.923157378,24.106522643,2026-02-05 11:14:51.488,
8051,LV,Maxima,Rīga,Slokas iela 115,LV-1067,56.960887826,24.038273369,2026-02-05 11:13:04.019,
8090,LV,Solo,Cēsis,Jāņa Poruka iela 19,LV-4101,57.314727,25.292323,2026-01-01 12:30:05.46,Paštomatą rasite lauke prie fasado.
8059,LV,Rimi,Talsi,Dundagas iela 18,LV-3201,57.247788888,22.578630745,2026-02-05 11:16:05.655,
8055,LV,Maxima,Tukums,Kurzemes iela 36,LV-3101,56.971863142,23.153142945,2026-01-01 12:30:05.306,Paštomatą rasite lauke, dešinėje įėjimo į parduotuvę pusėje.
9540,EE,Valga Rimi (Udrop),Valga,Riia 18,68203,57.777923437,26.028274575,2026-01-01 12:30:09.352,.
9536,EE,Rapla Rimi (Udrop),Rapla,Tallinna mnt 46a,79512,58.999818765,24.791510239,2026-01-01 12:30:09.324,.
9535,EE,Nautika keskus (Udrop),Tallinn,Ahtri 9,10151,59.441403426,24.762998599,2026-01-01 12:30:09.312,.
9534,EE,Mustakivi Prisma (Udrop),Tallinn,Mustakivi tee 17,13912,59.442921079,24.862805847,2026-01-01 12:30:09.306,.
9521,EE,Tähesaju A1000 Market (Udrop),Tallinn,Varraku 12,13917,59.442409674,24.849011346,2026-01-01 12:30:09.217,.
9511,EE,T1 Keskus (Udrop),Tallinn,Peterburi tee 2,11415,59.424674157,24.796255164,2026-01-01 12:30:09.157,Paštomatas stovi dešinėje įvažiavimo į parkingą pusėje, prie sienos, priešais autobusų stotelę.
9072,EE,Jannseni Rimi,Pärnu,Jannseni 3,80032,58.391717349,24.49391494,2026-01-29 10:36:06.873,
8545,LV,IGCentrs (Udrop),Ogre,Skolas iela 4,LV-5001,56.816572,24.597853,2026-01-01 12:30:06.188,Paštomatas stovi kairėje centrinio įėjimo pusėje
8534,LV,Elvi (Udrop),Lielvārde,Lāčplēša iela 23B,LV-5070,56.716964,24.808872,2026-01-01 12:30:06.138,Paštomatas stovi kairėje ELVI logo pusėje
8533,LV,Maxima (Udrop),Rīga,Lubānas iela 52,LV-1073,56.931764,24.174186,2026-02-05 12:01:26.012,
8531,LV,Barona 38 (Udrop),Rīga,Krišjāņa Barona iela 38,LV-1011,56.952893,24.126278,2026-02-05 12:00:31.476,
8503,LV,Ixo centrs (Udrop),Rīga,Anniņmuižas iela 17,LV-1029,56.943368,24.017920,2026-02-05 11:52:49.799,
8091,LV,Mājai un Dārzam,Bauska,Salātu iela 24,LV-3901,56.407074158, 24.20283384,2026-01-01 12:30:05.463,Paštomatą rasite lauke, kairėje pagrindinio įėjimo į parduotuvę pusėje.
8087,LV,Cafiteria,Jelgava,Sudrabu Edžus iela 9A,LV-3001,56.646818439, 23.72727895,2026-01-01 12:30:05.443,Paštomatą rasite lauke, kairėje pagrindinio įėjimo į parduotuvę pusėje, už kampo.
8067,LV,Rimi,Rēzekne,Atbrīvošanas Aleja 138,LV-4601,56.514754656, 27.33626081,2026-01-01 12:30:05.352,Paštomatą rasite lauke, kairėje pagrindinio įėjimo į parduotuvę pusėje, už kampo.
8062,LV,Elvi,Jelgava,Lielā iela 49,LV-3001,56.651012103, 23.70401547,2026-01-01 12:30:05.333,Paštomatą rasite lauke, dešinėje pagrindinio įėjimo į parduotuvę pusėje.
8020,LV,Artilērijas iela 40,Rīga,Artilērijas iela 40,LV-1009,56.956749666, 24.14320239,2026-01-01 12:30:05.138,Paštomatą rasite lauke, greta įvažiavimo į parkavimosi aikštelę.
9532,EE,Arsenali Keskus (Udrop),Tallinn,Erika 14,10416,59.451157321,24.717129278,2026-01-01 12:30:09.29,Paštomatas stovi dešinėje 2-ojo įėjimo į PC pusėje.
9531,EE,Türi Grossi (Udrop),Türi,Viljandi 13a,72213,58.802998599,25.429781849,2026-01-01 12:30:09.286,Paštomatas stovi priešingoje, nei įėjimas  į parduotuvę, pusėje.
9516,EE,Maardu Nurga Keskus (Udrop),Maardu,Nurga 1a,74113,59.487344585,25.019807805,2026-02-06 13:28:01.052,
9508,EE,Keila Rõõmu Kaubamaja (Udrop),Keila,Haapsalu mnt 57b,76607,59.307321971,24.398624209,2026-01-01 12:30:09.137,Paštomatas stovi dešinėje įėjimo į parduotuvę pusėje.
9503,EE,Võru Kagukeskus (Udrop),Võru,Kooli 6,65606,57.846641057,27.007063171,2026-02-06 12:52:08.429,
9081,EE,Valga Coop,Valga,A. Neulandi 2,68207,57.778671020,26.037082535,2026-01-29 10:31:42.018,
9078,EE,Tondiraba Maxima,Tallinn,Tondiraba 7,13916,59.450810045,24.855845494,2026-01-01 12:30:08.489,Paštomatą rasite lauke, kairėje pagrindinio įėjimo į parduotuvę pusėje.
9077,EE,Pärnamäe Rimi,Laiaküla,Lilleoru tee 4,74008,59.462231829,24.905760191,2026-02-06 13:10:04.354,
9075,EE,Kari Grossi,Tallinn,Kari 3,10311,59.447654923,24.697996933,2026-01-29 10:31:20.801,
9074,EE,Õismäe tee 46 Maxima,Tallinn,Õismäe tee 46,13512,59.411415431,24.647786392,2026-01-01 12:30:08.465,Paštomatą rasite lauke, dešinėje pagrindinio įėjimo į parduotuvę pusėje.
9073,EE,Sillamäe Maxima X,Sillamäe,Viru pst 35,40233,59.391428024,27.790641304,2026-02-06 12:23:35.517,
9071,EE,Kohtla-Järve Rimi,Kohtla-Järve,Põhja allee 4,30324,59.407382522,27.284849190,2026-01-01 12:30:08.446,Paštomatą rasite lauke, kairėje pagrindinio įėjimo į parduotuvę pusėje.
9070,EE,Märjamaa Coop,Märjamaa,Pärnu mnt 62,78304,58.9046210,24.426226,2026-01-01 12:30:08.443,Paštomatas stovi dešinėje įėjimo į parduotuvę pusėje.
9069,EE,Luige Keskus,Luige,Viljandi mnt 168,11217,59.325215735,24.766201431,2026-02-06 13:09:29.238,
9066,EE,Loo Grossi,Loo,Saha tee 9,74201,59.434636640,24.947088703,2026-02-06 13:09:15.491,
9065,EE,Rimi Nurmenuku ,Tallinn,Ehitajate tee 107,13511,59.413277920,24.655170480,2026-01-01 12:30:08.418,Paštomatą rasite lauke, dešinėje įėjimo į parduotuvę pusėje, už kampo.
9062,EE,Kuressaare Maxima,Kuressaare,Tallinna 64,93818,58.260327977,22.504688145,2026-01-29 10:33:09.842,
9061,EE,Mustamäe keskus,Tallinn,A. H. Tammsaare tee 104a,12918,59.408442783,24.688327685,2026-01-01 12:30:08.396,Paštomatą rasite lauke, prie sienos, priešais parkavimo aikštelę.
9060,EE,Muuga Maxima,Maardu,Altmetsa 1,74117,59.474039029,24.916023887,2026-02-06 13:08:29.803,
9058,EE,Auriga Kaubanduskeskus,Kuressaare,Tallinna 88,93892,58.265549660,22.515063789,2026-01-01 12:30:08.378,Paštomatą rasite lauke priešais parkavimosi aikštelę.
9054,EE,Prisma Sõbra/JÕE KESKUS,Tartu,Sõbra 58,50106,58.365308555,26.743298210,2026-01-01 12:30:08.363,Paštomatą rasite lauke, prie sienos, priešais parkavimo aikštelę.
9053,EE,Maxima,Tartu,Võru 55f,50111,58.364671320,26.719245516,2026-01-29 10:33:23.381,
9051,EE,Selver,Tartu,Jaama 74,50605,58.381541864,26.751542865,2026-01-01 12:30:08.344,Paštomatą rasite lauke, dešinėje pagrindinio įėjimo į parduotuvę pusėje.
9050,EE,Vilde tee 124 Maxima,Tallinn,E. Vilde tee 124,12614,59.403789623,24.664160523,2026-02-06 11:19:42.836,
9049,EE,Pärnu mnt 390b Maxima X,Tallinn,Pärnu mnt 390b,11612,59.380595713,24.658229099,2026-01-29 10:32:34.76,
9048,EE,Sõpruse 171 Maxima,Tallinn,Sõpruse pst 171,13413,59.407451519,24.704294223,2026-01-29 10:35:30.729,
9047,EE,Pärnu Riia mnt Maxima,Pärnu,Riia mnt 131 ,80010,58.374867018,24.536152516,2026-01-01 12:30:08.32,Paštomatą rasite lauke, prie sienos, tarp dviejų įėjimų.
9020,EE,Lõunakeskus,Tartu,Lääneringtee 39,50501,58.358290128,26.678125366,2026-01-01 12:30:08.151,Paštomatą rasite lauke priešais parkavimosi aikštelę.
9019,EE,Linnamäe Konsum,Tallinn,Linnamäe tee 3,13912,59.449049508,24.862827751,2026-01-01 12:30:08.146,Paštomatą rasite lauke, kairėje pagrindinio įėjimo į parduotuvę pusėje.
9017,EE,Raudalu Konsum,Tallinn,Viljandi Maantee 41a,11218,59.366172985,24.760361824,2026-01-01 12:30:08.131,Paštomatą rasite lauke, dešinėje pagrindinio įėjimo į parduotuvę pusėje.
9010,EE,Kärberi Selver,Tallinn,K. Kärberi tn 20,13919,59.445388530,24.882293333,2026-01-01 12:30:08.089,Paštomatą rasite lauke, dešinėje įėjimo į parduotuvę pusėje.
9007,EE,Selver Rannarootsi,Haapsalu,Rannarootsi tee 1,90404,58.936027553,23.571292702,2026-02-06 13:05:08.364,
9006,EE,Ümera Keskus/Maxima,Tallinn,Laagna tee 80,11416,59.444420340,24.889157376,2026-01-29 10:35:42.596,
8527,LV,Nordeķu sēta (Udrop),Rīga,Vecā buļļu iela 5,LV-1055,56.965104,24.055841,2026-02-05 11:58:28.799,
8525,LV,Mego (Udrop),Valka,Ausekla iela 54,LV-4701,57.785082,26.015062,2026-01-01 12:30:06.087,Paštomatas stovi dešinėje centrinio įėjimo pusėje
8522,LV,Tālava, TC (Udrop),Rīga,Andreja Saharova iela 21,LV-1082,56.938216,24.202616,2026-02-05 11:56:37.635,
8517,LV, AIBE (Udrop),Ogre,8 Zilokalnu prospekts,LV-5001,56.823768,24.584878,2026-01-01 12:30:06.047,Paštomatas stovi kairėje įėjimo į parduotuvę pusėje
8514,LV,Daugavpils (Udrop),Daugavpils,Arhitektu iela 14,LV-5410,55.893786,26.563607,2026-01-01 12:30:06.031,Paštomatas stovi dešinėje centrinio įėjimo pusėje
8513,LV,Maxima (Udrop),Līvāni,Domes iela 4A,LV-5316,56.355537,26.174439,2026-01-01 12:30:06.028,Paštomatas stovi kairėje centrinio įėjimo pusėje
8512,LV,Rimi (Udrop),Rīga,A.Deglava iela 100,LV-1082,56.948512,24.187405,2026-02-05 11:54:42.36,
8510,LV,Mini RIMI (Udrop),Rīga,Latgales iela 220B,LV-1019,56.925227,24.167982,2026-02-05 11:54:17.298,
8509,LV,Mego (Udrop),Rīga,Biķernieku iela 98,LV-1079,56.960731,24.234807,2026-02-05 11:53:40.295,
8505,LV,Mājai un Dārzam (Udrop),Ventspils,Celtnieku iela 22,LV-3604,57.405553,21.603090,2026-01-01 12:30:05.991,Paštomatas matosi nuo Embutės gatvės
8502,LV,Maxima (Udrop),Liepāja,Klaipēdas iela 62,LV-3416,56.492036,21.003347,2026-02-05 11:52:23.292,
8086,LV,Tirdzniecības centrs Liedags ,Jūrmala,Ventspils šoseja 32,LV-2011,56.946734224,23.617965728,2026-01-01 12:30:05.44,Paštomatą rasite lauke, kairėje pagrindinio įėjimo į parduotuvę pusėje, už kampo.
8082,LV,AlkOutlet Dzērieni & Vīni,Valmiera,Tērbatas iela 8,LV-4201,57.541449544,25.427636615,2026-02-05 11:26:04.246,
8072,LV,Fix price,Rīga,Sarkandaugavas iela 6A,LV-1005,56.995910386,24.125518419,2026-02-05 11:21:10.884,
8068,LV,Rimi,Kuldīga,Sūru iela 2,LV-3301,56.967015166,21.960337185,2026-01-01 12:30:05.354,Paštomatą rasite lauke, dešinėje pagrindinio įėjimo į parduotuvę pusėje, už kampo.
8056,LV,Maxima,Rēzekne,Maskavas iela 16,LV-4604,56.526563421,27.354656980,2026-02-05 11:14:20.109,
8028,LV,Mego,Rīga,Gobas iela 13,LV-1016,57.033985933,24.048349818,2026-02-05 11:04:55.277,
8027,LV,Mego,Rīga,Dižozolu iela 2,LV-1058,56.902868182,24.094566422,2026-02-05 11:04:27.278,
8026,LV,Mego,Rīga,Kurzemes prospekts 132,LV-1069,56.962196070,24.000037311,2026-02-05 11:03:56.294,
8025,LV,Rimi,Jēkabpils,Vienības iela 7,LV-5201,56.495620590,25.878406608,2026-02-05 11:03:10.99,
8015,LV,Rimi,Sigulda,Ventas iela 1,LV-2150,57.141924106,24.845071918,2026-03-12 13:39:09.342,
8014,LV,Elvi,Jelgava,Rūpniecības iela 77A,LV-3008,56.636848183,23.705135436,2026-03-12 13:38:19.401,
8011,LV,Dole,Rīga,Latgales iela 357,LV-1063,56.905502118,24.191187721,2026-02-05 10:54:46.993,
8006,LV,Rimi,Rīga,Kreimeņu iela 4A,LV-1015,57.034760825,24.092429988,2026-02-05 10:52:16.214,
8003,LV,Aibė,Rīga,Buļļu iela 35,LV-1055,56.968805536,24.051265642,2026-02-05 10:48:42.126,
9533,EE,Hommiku Ärimaja (Udrop),Pärnu,Hommiku 1,80010,58.386545361,24.502095113,2026-01-01 12:30:09.302,Paštomatas matomas nuo Põhja gatvės.
9530,EE,Paide Grossi (Udrop),Paide,Pikk 25,72713,58.884357924,25.569345799,2026-01-01 12:30:09.28,Paštomatas stovi dešinėje įėjimo į parduotuvę pusėje.
9529,EE,Kohtla-Järve Grossi (Udrop),Kohtla-Järve,Outokumpu 13a,30327,59.397112595,27.294817023,2026-01-01 12:30:09.273,Paštomatas stovi kairėje įėjimo į parduotuvę pusėje, už kampo.
9528,EE,Jõhvi Grossi (Udrop),Jõhvi,Tartu mnt 15,41538,59.352993491,27.411854219,2026-02-06 13:31:16.031,
9527,EE,Haapsalu Kaubanduskeskus (Udrop),Haapsalu,Tallinna mnt 1,90507,58.941176798,23.541989759,2026-02-06 13:28:21.505,
9526,EE,Magistrali Keskus (Udrop),Tallinn,Sõpruse pst 201-203,13411,59.400754390,24.696771458,2026-01-01 12:30:09.251,Paštomatas stovi dešinėje PC pastato pusėje prie įvažiavimo į  2 -ojo aukšto stovėjimo aikštelę.
9525,EE,Mustika Keskus (Udrop),Tallinn,Karjavälja 4 ,12918,59.410311401,24.681931291,2026-01-01 12:30:09.241,Paštomatas stovi tarp įėjimų, prie pastato sienos.
9524,EE,Viljandi A1000 (Udrop),Viljandi,Lossi 41a,71007,58.367661205,25.599865004,2026-01-01 12:30:09.236,Paštomatas stovi kairėje įėjimo į parduotuvę pusėje, už kampo.
9523,EE,Põlva A1000 Market (Udrop),Põlva,Jaama 16a,63308,58.067177349,27.075369830,2026-01-01 12:30:09.232,Paštomatas stovi dešinėje įėjimo į parduotuvę pusėje.
9520,EE,Narva Soldina A1000 Market (Udrop),Narva,Soldina 1c,21004,59.374373262,28.164140821,2026-01-01 12:30:09.213,Paštomatas stovi kairėje įėjimo į parduotuvę pusėje.
9519,EE,Tartu A1000 Market (Udrop),Tartu,Tehnika 13,50105,58.347724267,26.744433363,2026-01-01 12:30:09.209,Paštomatas stovi kairėje įėjimo į parduotuvę pusėje.
9518,EE,Rakvere Vaala Keskus (Udrop),Rakvere,Lõõtspilli 2,44313,59.354391437,26.383322898,2026-01-01 12:30:09.204,Paštomatas stovi kairėje įėjimo į PC pusėje, už kolonos.
9517,EE,Tõrva Konsum Ehituskeskus (Udrop),Tõrva,Viljandi mnt 28,68604,58.006083575,25.914496795,2026-01-01 12:30:09.193,Paštomatas stovi kairėje įėjimo į parduotuvę pusėje, už kampo.
9515,EE,Kuressaare Kummeli Konsum (Udrop),Kudjape,Kummeli põik 1,93851,58.253876713,22.520112186,2026-01-01 12:30:09.185,Paštomatas stovi dešinėje pastato pusėje, ant šaligatvio prieš parkavimo aikštelę.
9514,EE,Tallinna Keskturg (Udrop),Tallinn,Lastekodu tn 12,10113,59.430740114,24.767427141,2026-01-01 12:30:09.181,Paštomatas stovi kairėje  įėjimo į turgų vartų iš Lastekodu gatvės.
9513,EE,Tartu Lunini EuroPark (Udrop),Tartu,Nikolai Lunini 16,50412,58.370041410,26.697102424,2026-01-01 12:30:09.169,Paštomatas stovi dešinėje įvažiavimo į daugiaukštę parkavimo aikštelę, pusėje.
9512,EE,Balti Jaama Turg (Udrop),Tallinn,Kopli 1,10412,59.440835491,24.734207323,2026-01-01 12:30:09.164,Paštomatas stovi kairėje įvažiavimo į parkingą pusėje.
9510,EE,Pirita Ärikeskus (Udrop),Tallinn,Merivälja tee 1,12112,59.466542181,24.832605052,2026-01-01 12:30:09.152,Paštomatas matomas nuo Pirita gatvės pusės.
9509,EE,Marienthali Keskus (Udrop),Tallinn,Mustamäe tee 16,10617,59.422777417,24.696770021,2026-01-01 12:30:09.141,Paštomatas stovi dešinėje įėjimo į parduotuvę pusėje.
9507,EE,Saue Kaubakeskus (Udrop),Saue,Ridva 15,76506,59.324834000,24.552639975,2026-01-01 12:30:09.133,Paštomatas stovi dešinėje įėjimo į parduotuvę pusėje, už kampo.
9506,EE,Otepää Nurga Konsum (Udrop),Otepää,J. Hurda 1,67405,58.061806188,26.497287619,2026-01-01 12:30:09.122,Paštomatas stovi kairėje įėjimo į PC pusėje.
9505,EE,Bravo Kaubakeskus (Udrop),Tallinn,Pae 80,13620,59.435973341,24.820942088,2026-01-01 12:30:09.118,Į dešinę nuo „Bravo“ prekybos centro kiemo įėjimo.
9504,EE,Astri Keskus Narva (Udrop),Narva,Tallinna mnt 41,20605,59.380830055,28.175111625,2026-01-01 12:30:09.114,Paštomatas stovi tarp  kampinio ir įėjimo nuo Taliinn g. pusės.
9502,EE,Maardu Rimi Super (Udrop),Maardu,Keemikute 25,74111,59.480265755,25.014843138,2026-02-06 13:27:51.427,
9501,EE,Põhjakeskus (Udrop),Rakvere,Haljala tee 4,44415,59.363098449,26.338324238,2026-02-06 13:27:41.629,
9085,EE,Kalevipoja Rimi,Tallinn,Kalevipoja põik 8,13614,59.438655548,24.831614113,2026-01-01 12:30:08.529,Paštomatą rasite lauke, dešinėje pagrindinio įėjimo į parduotuvę pusėje.
9084,EE,Tabasalu Rimi,Tabasalu,Klooga mnt 10b,76901,59.429907518,24.543560595,2026-02-06 13:10:37.874,
9083,EE,Põltsamaa Grossi,Põltsamaa,Tartu mnt 1b,48105,58.652568899,25.982817554,2026-02-06 12:24:51.354,
9082,EE,Viimsi Rimi Hypermarket,Haabneeme,Randvere tee 9,74001,59.505485391,24.827963310,2026-02-06 13:10:19.283,
9080,EE,Smuuli Maxima,Tallinn,J. Smuuli tee 9,13628,59.444124560,24.822631615,2026-01-29 10:25:33.2,
9079,EE,Elva Maxima X,Elva,Valga mnt 5,61504,58.220844688,26.405020095,2026-01-01 12:30:08.496,Paštomatą rasite lauke, dešinėje pagrindinio įėjimo į parduotuvę pusėje.
9076,EE,Jewe Center/Selver,Jõhvi,Narva mnt 8,41536,59.357339750,27.417974021,2026-02-06 12:23:50.074,
9068,EE,Pääsküla Rimi,Tallinn,Pärnu mnt 453e,10916,59.360922905,24.630554605,2026-01-29 10:35:56.033,
9067,EE,Kolde Rimi,Tallinn,Sõle 27,10614,59.438614919,24.707343013,2026-01-01 12:30:08.425,Paštomatą rasite lauke, kairėje įėjimo į parduotuvę pusėje, už kampo.
9063,EE,Laagri Maxima,Laagri,Veskitammi 3,76401,59.352116126,24.611700678,2026-02-06 13:08:58.904,
9059,EE,Tiskre Prisma,Tiskre,Liiva tee 61,76916,59.431348089,24.563135821,2026-02-06 13:08:12.611,
9057,EE,Viljandi Maxima X,Viljandi,Vaksali 11b,71012,58.361957860,25.582615417,2026-01-01 12:30:08.375,Paštomatą rasite lauke, kairėje pagrindinio įėjimo į parduotuvę pusėje.
9055,EE,Magdaleena Olerex,Tallinn,Pärnu mnt 106,11312,59.415180798,24.739126848,2026-01-01 12:30:08.367,Paštomatą rasite lauke priešais degalinę.
9052,EE,Rimi Super,Pärnu,Niidu 18b,80040,58.391918688,24.535447382,2026-01-01 12:30:08.349,Paštomatą rasite lauke, kairėje pagrindinio įėjimo į parduotuvę pusėje.
9046,EE,Õismäe tee 88 Maxima,Tallinn,Õismäe tee 88 ,13513,59.415451366,24.640003331,2026-01-29 10:25:18.21,
9018,EE,Võru Maksimarket,Võru,Jüri 83,65607,57.835583032,27.010119347,2026-01-01 12:30:08.141,Paštomatą rasite lauke priešais parkavimosi aikštelę.
9016,EE,Akadeemia Konsum,Tallinn,Akadeemia tee 35,12618,59.403160239,24.655800289,2026-01-29 10:37:55.796,
9015,EE,Saku Coop,Saku,Pargi 2,75501,59.299875445,24.662587272,2026-02-06 13:07:19.285,
9014,EE,Selver,Tartu,Teemandi 2,50415,58.353298070,26.685864460,2026-01-29 10:33:58.125,
9012,EE,Maxima XX,Narva,Soldina tänav 20,40115,59.381018349,28.164848150,2026-01-01 12:30:08.103,Paštomatą rasite lauke, dešinėje pagrindinio įėjimo į parduotuvę pusėje.
9011,EE,Pärnu A1000 Market,Pärnu,Karja 6,80018,58.381877681,24.512051855,2026-01-01 12:30:08.099,Paštomatą rasite lauke, kairėje pagrindinio įėjimo į parduotuvę pusėje.
9009,EE,Mähe Grossi,Tallinn,Randvere tee 115 ,11913,59.491364213,24.878920811,2026-01-01 12:30:08.086,Paštomatą rasite lauke, dešinėje pagrindinio įėjimo į parduotuvę pusėje.
9005,EE,Kivila Grossi,Tallinn,Kivila tn 26,13917,59.443589319,24.872718200,2026-01-29 10:34:44.322,
9004,EE,Endla Grossi,Tallinn,Endla tn 53,10615,59.427630685,24.715566650,2026-01-01 12:30:08.06,Paštomatą rasite lauke, kairėje įėjimo į parduotuvę pusėje, už kampo.
9003,EE,Paasiku Grossi,Tallinn,Paasiku tn 2a,13916,59.448560379,24.845159183,2026-01-01 12:30:08.055,Paštomatą rasite lauke, dešinėje pagrindinio įėjimo į parduotuvę pusėje.
9002,EE,Marja Grossi,Tallinn,Mustamäe tee 41,10619,59.422035655,24.699613469,2026-01-20 08:25:15.548,
9001,EE,Fama Keskus,Narva,Fama põik 10,20303,59.380453916,28.186587549,2026-01-01 12:30:08.041,Paštomatą rasite lauke, prie sienos iš Hariduse gatvės pusės.
8530,LV,Dammes tirgus (Udrop),Rīga,Dammes iela 36а,LV-1069,56.966223,24.010388,2026-02-05 11:59:57.576,
8529,LV,220 (Udrop),Rīga,Krasta iela 52,LV-1003,56.933942,24.149284,2026-02-05 11:59:29.406,
8528,LV,Business Garden (Udrop),Mārupe,Malduguņu iela 4,LV-2167,56.926457,24.036395,2026-02-05 11:59:04.511,
8526,LV,Mego (Udrop),Rīga,Usmas iela 2,LV-1083,56.951935,24.048302,2026-02-05 11:58:03.688,
8524,LV,TC Mežciems (Udrop),Rīga,Biķernieku iela 143,LV-1021,56.956291,24.238524,2026-02-05 11:57:29.384,
8521,LV,Europark (Udrop),Rīga,Elizabetes iela 81,LV-1050,56.950539,24.121807,2026-02-05 11:56:13.529,
8520,LV,TC Ludza (Udrop),Ludza,Stacijas iela 30,LV-5701,56.544493,27.720569,2026-01-01 12:30:06.064,Paštomatas stovi kairėje centrinio įėjimo pusėje
8519,LV,TC AURA (Udrop),Jēkabpils,Nākotnes iela 2,LV-5201,56.490429,25.859109,2026-02-05 11:55:34.792,
8518,LV,Juglas Tirgus (Udrop),Rīga,Brīvības gatve 405B,LV-1024,56.989220,24.236723,2026-02-05 11:55:04.343,
8516,LV,TC Planeta (Udrop),Balvi,Brīvības 57,LV-4501,57.132663,27.266426,2026-01-01 12:30:06.044,Paštomatas stovi kairėje centrinio įėjimo pusėje
8515,LV,TOP (Udrop),Salaspils,Rīgas iela 48,LV-2169,56.872300,24.353675,2026-01-01 12:30:06.034,Paštomatas stovi kairėje pastato pusėje
8511,LV,Ventspils Tirgus (Udrop),Ventspils,Pils iela 14,LV-3601,57.396952,21.568453,2026-01-01 12:30:06.016,Paštomatas stovi dešinėje centrinio įėjimo pusėje
8507,LV,RAF cetrs (Udrop),Jelgava,Rīgas iela 48,LV-3004,56.668335,23.760914,2026-01-01 12:30:05.997,Paštomatas stovi kairėje centrinio įėjimo pusėje
8506,LV,Europark (Udrop),Rīga,Grostonas iela 1,LV-1013,56.964233,24.118851,2026-02-05 11:53:14.528,
8504,LV,Bulduru Tirgus (Udrop),Jūrmala,Meža prospekts 36 k-1,LV-2010,56.982941,23.856866,2026-01-01 12:30:05.987,Paštomatas stovi kairėje pastato pusėje
8501,LV,Elfi (Udrop),Rēzekne,Dārzu iela 14,LV-4601,56.505091,27.333860,2026-02-05 11:51:40.181,
8094,LV,Mego,Rīga,Dzirciema iela 31A,LV-1083,56.955284280,24.051977548,2026-02-05 11:29:44.29,
8089,LV,Hotel Gulbene,Gulbene,O. Kalpaka iela 27A,LV-4401,57.173201995,26.761795920,2026-01-01 12:30:05.454,Paštomatą rasite lauke prie fasado.
8080,LV,TC Apelsīns,Ādaži,Rīgas gatve 5,LV-2164,57.071779,24.320599,2026-01-01 12:30:05.409,Paštomatą rasite lauke, kairėje pagrindinio įėjimo į parduotuvę pusėje.
8071,LV,CITRO,Rēzekne,Stacijas iela 20a,LV-4601,56.518183185,27.347483939,2026-02-05 11:20:08.004,
8063,LV,Mego,Daugavpils,Valkas iela 1a,LV-5417,55.879675437,26.560605503,2026-01-01 12:30:05.341,Paštomatą rasite lauke, dešinėje pagrindinio įėjimo į parduotuvę pusėje, už kampo.
8060,LV,Rimi,Rīga,Valdlauču iela 2,LV-1076,56.904323493,24.145385411,2026-02-05 11:16:34.825,
8058,LV,Rimi,Rīga,Krišjāņa Valdemāra iela 62A,LV-1013,56.965933972,24.131192535,2026-02-05 11:15:27.816,
8048,LV,Maxima,Madona,Rūpniecības iela 49,LV-4801,56.860040538,26.230957580,2026-01-01 12:30:05.272,Paštomatą rasite lauke, kairėje pagrindinio įėjimo į parduotuvę pusėje.
8029,LV,RIMI,Daugavpils,18. novembra iela 136,LV-5417,55.876895865,26.551505627,2026-01-01 12:30:05.179,Paštomatą rasite lauke, galinėje pastato dalyje.
8024,LV,Rimi,Tukums,Pasta iela 14,LV-3101,56.967344234,23.157250125,2026-01-01 12:30:05.152,Paštomatą rasite lauke, šoninėje pastato dalyje, priešais stiklinį fasadą.
8023,LV,Elvi,Salaspils,Rīgas iela 24,LV-2121,56.855224621,24.342960085,2026-01-01 12:30:05.149,Paštomatą rasite lauke, po stogu, greta įėjimo.
8022,LV,Rimi,Rīga,Imantas 15.līnija 7,LV-1029,56.944561974,24.011738862,2026-02-05 11:02:39.363,
8021,LV,Meness aptieka,Rīga,Vaidelotes iela 14,LV-1055,56.965697738,24.052128761,2026-02-05 11:02:09.593,
8019,LV,Maxima,Liepāja,Oskara Kalpaka iela 74,LV-3405,56.533493471,21.003239755,2026-02-05 10:59:13.997,
8018,LV,Maxima,Rīga,Liepājas iela 76A,LV-1002,56.924158496,24.055676198,2026-02-05 10:58:30.76,
8017,LV,Mego,Rīga,Parādes iela 5B,LV-1016,57.040051423,24.028969260,2026-02-05 10:57:40.387,
8016,LV,Mego,Rīga,Baltāsbaznīcas iela 42,LV-1015,57.036473109,24.090535693,2026-02-05 10:57:00.888,
8013,LV,Mego,Rīga,Kleistu iela 9,LV-1067,56.962509108,24.022429565,2026-02-05 10:55:41.4,
8012,LV,Rimi,Rīga,Vienības gatve 95,LV-1058,56.911549990,24.085595402,2026-02-05 10:55:16.912,
8010,LV,Rimi,Rīga,Tilta iela 32,LV-1005,56.995225279,24.130379050,2026-02-05 10:54:19.798,
8008,LV,Damme,Rīga,Kurzemes prospekts 1A,LV-1067,56.954069923,24.037404412,2026-02-05 10:53:25.003,
8005,LV,Gaiļezers/Rimi,Rīga,Gaiļezera iela 8,LV-1079,56.968456612,24.236579396,2026-02-05 10:50:11.533,
8004,LV,Ditton Nams,Daugavpils,Cietokšņa iela 60,LV-5401,55.874401648,26.516998571,2026-03-18 11:34:03.028,
9045,EE,Vilde tee Maxima XX,Tallinn,Vilde tee 75/77,12912,59.402744812,24.685917906,2026-01-01 12:30:08.303,Paštomatą rasite lauke, dešinėje įėjimo į parduotuvę pusėje, priešais parkavimo aikštelę.
9044,EE,Kohtla-Järve Maxima,Kohtla-Järve,Mõisa tee 3,30325,59.406604511,27.290866909,2026-01-01 12:30:08.298,Paštomatą rasite lauke, dešinėje pagrindinio įėjimo į parduotuvę pusėje, už kampo.
9043,EE,Ehitajate tee Grossi,Tallinn,Ehitajate tee 41,12612,59.401727700,24.668343832,2026-01-01 12:30:08.287,Paštomatą rasite lauke, kairėje įėjimo į parduotuvę pusėje, už kampo.
9042,EE,Järveotsa Grossi,Tallinn,Järveotsa tee 35b,13520,59.407360842,24.640565849,2026-01-29 10:28:53.91,
9041,EE,Virbi Maxima,Tallinn,Virbi 12,13629,59.440981319,24.843710727,2026-01-01 12:30:08.28,Paštomatą rasite lauke, dešinėje pagrindinio įėjimo į parduotuvę pusėje, už kampo.
9040,EE,Vironia Keskus,Kohtla-Järve,Järveküla tee 50,30321,59.397249969,27.286622852,2026-01-01 12:30:08.275,Paštomatą rasite lauke, prie sienos, priešais parkavimo aikštelę.
9039,EE,Stroomi Maxima XX,Tallinn,Tuulemaa 20,10315,59.447395310,24.693045693,2026-01-01 12:30:08.265,Paštomatą rasite lauke priešais parkavimo aikštelę iš Tuulemaa gatvės pusės.
9038,EE,Narva Grossi,Narva,Rakvere 71,20609,59.385493177,28.183957775,2026-01-29 10:28:38.197,
9037,EE,Läänemere Selver,Tallinn,Läänemere tee 28,13913,59.452991956,24.874054179,2026-01-01 12:30:08.256,Paštomatą rasite lauke greta pastato sienos.
9036,EE,Pallasti Maxima X,Tallinn,Pallasti 18,11414,59.429531223,24.791529232,2026-01-29 10:25:01.128,
9035,EE,Linnamäe Maxima XXX,Tallinn,Linnamäe tee 57,13911,59.449859564,24.881297397,2026-01-01 12:30:08.241,Paštomatą rasite lauke, kairėje įėjimo į parduotuvę pusėje, už kampo.
9034,EE,Tammsaare Maxima XX,Tallinn,A. H. Tammsaare tee 133,12915,59.408930223,24.675190247,2026-01-01 12:30:08.237,Paštomatą rasite lauke, dešinėje pagrindinio įėjimo į parduotuvę pusėje, už kampo.
9033,EE,Rakvere Turutare,Rakvere,Laada 18,44310,59.347077971,26.364507397,2026-02-06 13:07:58.935,
9032,EE,Viljandi Maksimarket,Viljandi,Lääne 2,71013,58.370578060,25.583520624,2026-01-01 12:30:08.223,Paštomatą rasite lauke, kairėje pagrindinio įėjimo į parduotuvę pusėje.
9031,EE,Männimäe Maksimarket,Viljandi,Puidu 2,71020,58.347604848,25.578777375,2026-01-01 12:30:08.219,Paštomatą rasite lauke, šalia taromato įėjimo.
9030,EE,Jõgeva Grossi,Jõgeva,Pargi 1,48306,58.745586674,26.399375076,2026-01-01 12:30:08.214,Paštomatą rasite lauke, kairėje pagrindinio įėjimo į parduotuvę pusėje.
9029,EE,Kollane Keskus,Tallinn,Õismäe tee 107a,13515,59.411886956,24.637917071,2026-01-01 12:30:08.209,Paštomatą rasite dešinėje įėjimo į parduotuvę pusėje, už kampo.
9028,EE,Suur-Jõe Selver,Pärnu,Suur-Jõe 57,80042,58.378305073,24.532939511,2026-01-29 10:36:39.671,
9027,EE,Selver,Tartu,Kalda tee 43,50707,58.368370832,26.767139565,2026-01-29 10:34:13.667,
9026,EE,Ahtme Grossi,Kohtla-Järve,Maleva 23,31025,59.327431,27.420286,2026-02-06 13:07:42.757,
9025,EE,Sikupilli Prisma,Tallinn,Tartu mnt 87,10112,59.426361702,24.785059284,2026-01-01 12:30:08.185,Paštomatą rasite lauke priešais parkavimosi aikštelę.
8054,LV,Maxima,Ikšķile,Skolas iela 4a,LV-5052,56.838000816,24.497000029,2026-01-01 12:30:05.303,Paštomatą rasite lauke, šoninėje pastato dalyje, po prekybos centro iškaba.
8053,LV,Maxima,Limbaži,Stacijas iela 8,LV-4001,57.513788876,24.722938932,2026-01-01 12:30:05.294,Paštomatą rasite lauke, greta pagrindinio įėjimo priešais automobilių parkavimosi aikštelę.
8050,LV,Maxima,Olaine,Veselibas iela 1,LV-2114,56.784715690,23.936509946,2026-01-01 12:30:05.284,Paštomatą rasite lauke, šoninėje pastato dalyje, greta kavos aparato.
8049,LV,Maxima,Ogre,Vidus prospekts 1,LV-5001,56.819650008,24.592486998,2026-01-01 12:30:05.281,Paštomatą rasite lauke, greta pagrindinio įėjimo priešais automobilių parkavimosi aikštelę.
8047,LV,Maxima,Cēsis,Valmieras iela 17A,LV-4101,57.317794812,25.280768276,2026-01-01 12:30:05.268,Paštomatą rasite lauke, kairėje pagrindinio įėjimo į parduotuvę pusėje, už kampo.
8046,LV,Maxima,Aizkraukle,Gaismas iela 22,LV-5101,56.608268663,25.259551269,2026-01-01 12:30:05.263,Paštomatą rasite lauke, greta pagrindinio įėjimo priešais automobilių parkavimosi aikštelę.
8045,LV,Maxima,Krāslava,Rīgas iela 28,LV-5601,55.896909192,27.162146143,2026-01-01 12:30:05.259,Paštomatą rasite lauke, priešais Rygos gatvę.
8044,LV,Rimi,Rīga,Matīsa iela 25,LV-1001,56.957155983,24.133786476,2026-02-05 11:12:34.032,
8043,LV,Rimi,Ogre,Rīgas iela 33,LV-5001,56.817910506,24.576919636,2026-01-01 12:30:05.247,Paštomatą rasite lauke, dešinėje pagrindinio įėjimo į parduotuvę pusėje.
8042,LV,Rimi,Ķekava,Rīgas iela 22,LV-2123,56.832517,24.231397,2026-01-01 12:30:05.243,Paštomatą rasite lauke, kairėje pagrindinio įėjimo į parduotuvę pusėje.
8041,LV,Rimi,Rīga,Prūšu iela 2B,LV-1057,56.915220732,24.179049730,2026-02-05 11:11:51.204,
8040,LV,Picu Bārs,Iecava,Rīgas iela 27,LV-3913,56.597926,24.197470,2026-01-01 12:30:05.23,Paštomatą rasite lauke, dešinėje pagrindinio įėjimo į parduotuvę pusėje.
8039,LV,Rimi,Dobele,Brivibas iela 30,LV-3701,56.625927030,23.286262133,2026-01-01 12:30:05.227,Paštomatą rasite lauke, priešais automobilių parkavimosi aikštelę.
8038,LV,Rimi,Rīga,Biķernieku iela 160,LV-1079,56.956927418,24.253544320,2026-02-05 11:11:15.641,
8037,LV,Rimi,Rīga,Augusta Dombrovska iela 23,LV-1015,57.031686967,24.109433257,2026-02-05 11:08:46.709,
8036,LV,Maxima,Alūksne,Pils iela 9B,LV-4301,57.429271427,27.039601716,2026-01-01 12:30:05.209,Paštomatą rasite lauke, kairėje pagrindinio įėjimo į parduotuvę pusėje.
8035,LV,Rimi,Ventspils,Tārgales iela 62,LV-3604,57.400282143,21.602808551,2026-01-01 12:30:05.205,Paštomatą rasite lauke, dešinėje pagrindinio įėjimo pusėje.
8034,LV,Rimi,Liepāja,Ganību iela 175/177,LV-3407,56.486328383,21.016870351,2026-02-05 11:08:11.839,
8007,LV,Riga Plaza,Rīga,Mūkusalas iela 71,LV-1004,56.926545982,24.102372402,2026-02-05 10:52:54.931,
9024,EE,Raadimõisa Konsum,Tartu,Kaupmehe 2,50104,58.402758096,26.741543921,2026-01-01 12:30:08.175,Paštomatą rasite lauke, kairėje įėjimo į parduotuvę pusėje, už kampo, priešais parkavimo aikštelę.
9023,EE,Linnamäe Prisma,Tallinn,Linnamäe tee 95,13911,59.449886965,24.889581179,2026-01-01 12:30:08.171,Paštomatą rasite lauke, kairėje pagrindinio įėjimo į parduotuvę pusėje.
9022,EE,Keila Grossi,Keila,Piiri 7,76610,59.312363679,24.418001432,2026-01-01 12:30:08.167,Paštomatą rasite lauke, dešinėje pagrindinio įėjimo į parduotuvę pusėje.
9021,EE,Märja Konsum,Tartu,Aisa tn 2,61406,58.360770513,26.651347145,2026-01-01 12:30:08.154,Paštomatą rasite lauke, dešinėje įėjimo į parduotuvę pusėje, už kampo, priešais parkavimo aiškštelę.
8033,LV,Rimi,Liepāja,Kārļa Zāles laukums 8,LV-3401,56.511247496,21.016979830,2026-02-05 11:07:46.304,
8032,LV,Rimi,Valmiera,Rīgas iela 74,LV-4201,57.532425747,25.393505629,2026-02-05 11:06:13.61,
8031,LV,Rimi,Rīga,Vienības gatve 194A,LV-1058,56.895982286,24.079787058,2026-02-05 11:05:26.436,
8030,LV,RIMI,Ventspils,J. Poruka iela 5,LV-3601,57.386759349,21.549213865,2026-01-01 12:30:05.182,Paštomatą rasite lauke, kairėje pagrindinio įėjimo į parduotuvę pusėje, už kampo.
8052,LV,Maxima,Rīga,Ilūkstes iela 24A,LV-1082,56.942359458,24.195863632,2026-02-05 11:13:50.639,
9013,EE,Mustakivi Selver,Tallinn,Mustakivi tee 3a ,13912,59.437697263,24.871087024,2026-01-01 12:30:08.108,Paštomatą rasite lauke, dešinėje pagrindinio įėjimo į parduotuvę pusėje.
8009,LV,Rimi,Rīga,Dzelzavas iela 78,LV-1082,56.954472394,24.200468170,2026-02-05 10:53:48.693,
0327,LT,IKI Draugystė,Klaipėda,Debreceno g. 54,94150,55.6827,21.1716,2026-01-13 12:39:56.823,
0262,LT,Maxima,Kaunas,Vaidoto g. 159,45392,54.8611,23.9554,2026-01-01 12:30:02.479,Paštomatas yra šalia įėjimo į parduotuvę. Matomos iš Vaidoto gatvės pusės.
0004,LT,Maxima,Maišiagala,Mokyklos g. 3,14242,54.8705,25.0650,2026-01-01 12:30:00.775,Paštomatas yra prie šoninės parduotuvės sienos. Šalia taromato.
0003,LT,Amatų skveras,Vilnius,Švitrigailos g. 13,03209,54.6737,25.2688,2026-01-01 12:30:00.767,Paštomatas matomas iš Amatų gatvės
0708,LT,Santaikos,Alytus,Santaikos g. 30M,62123,54.3882,24.0315,2026-03-12 15:39:48.811,
4205,LT,Aibė,Kaišiadorys,Vytauto Didžiojo g. 35,56119,54.8653,24.4607,2026-01-01 12:30:04.513,Paštomatas prie įėjimo į Aibę
0002,LT,IKI Ąžuolas,Vilnius,Architektų g. 214,04215,54.6790,25.2173,2026-01-01 12:30:00.763,Paštomatas prie šoninės sienos
1806,LT,Aibė,Kretinga,Minijos g. 1,97135,55.8836,21.2585,2026-01-13 12:45:23.403,
7560,LT,Rimi (Udrop),Kaunas,V. Krėvės pr. 43,49440,54.917479,23.966604,2026-01-01 12:30:04.95,Paštomatas stovi lauke prie prekybos centro šoninės sienos. Matomas iš V.Krėvės pr. pusės.
7559,LT,Rimi (Udrop),Kaunas,Baltijos g. 58,48221,54.92054,23.87958,2026-01-01 12:30:04.947,Paštomatas stovi lauke, matomas iš Baltijos g. pusės
7558,LT,Rimi (Udrop),Vilnius,Senasis Ukmergės kl. 46A,14302,54.77736,25.19205,2026-01-01 12:30:04.944,Paštomatas stovi kairėje įėjimo į RIMI parduotuvę pusėje.
7557,LT,Šilas (Udrop),Kaunas,V. Krėvės pr. 106 C,50381,54.925224603,23.990008945,2026-01-01 12:30:04.934,Paštomatas stovi dešinėje įėjimo į ŠILAS parduotuvę pusėje, už kampo.
7556,LT,IKI (Udrop),Vilnius,Visalaukio g. 1,08428,54.778781,25.341272,2026-01-01 12:30:04.931,Paštomatas stovi IKI parkavimo aikštelėje, įvažiavus per Žaliųjų ežerų g. įvažiavimą, kairėje pusėje
7555,LT,Norfa (Udrop),Naujoji Akmenė,Respublikos g. 30A,85138,56.31958,22.87331,2026-01-01 12:30:04.928,Paštomatas stovi prie pastato, tarp bekontaktės plovyklos ir įėjimo į parduotuvę.
7554,LT,IKI (Udrop),Garliava,S. Lozoraičio g. 2,53237,54.832069,23.876259,2026-01-01 12:30:04.925,Paštomatas stovi lauke, matomas iš S. Lozoraičio g. pusės
7553,LT,Aibė (Udrop),Klaipėda,Žardininkų g. 27A,94231,55.671911054,21.172409511,2026-01-13 12:55:49.191,
7552,LT,Aibė (Udrop),Marijampolė,Mokolų g. 23,68173,54.563480899,23.342437213,2026-01-01 12:30:04.914,Paštomatas stovi dešinėje įėjimo į Aibė parduotuvę pusėje, už kampo.
7551,LT,Kubas (Udrop),Šiauliai,Draugystės pr. 14,77150,55.926339973,23.318311167,2026-01-01 12:30:04.911,Paštomatas stovi dešinėje įėjimo į KUBAS parduotuvę pusėje, už kampo.
7550,LT,Kubas (Udrop),Šiauliai,Aido g. 12,78322,55.910688960,23.265662378,2026-01-01 12:30:04.907,Paštomatas stovi kairėje įėjimo į KUBAS parduotuvę pusėje, už kampo.
7548,LT,Šilas (Udrop),Kaunas,Lubinų g. 155,47222,54.945420,23.828236,2026-01-01 12:30:04.895,Paštomatas yra lauke, prie prekybos centro Šilas
7547,LT,Norfa (Udrop),Vilnius,Ateities g. 10,06324,54.737221119,25.267552256,2026-01-01 12:30:04.892,Paštomatas stovi kairėje įėjimo į NORFA parduotuvę pusėje.
7546,LT,Norfa (Udrop),Lentvaris,Klevų al. 4,25109,54.646669,25.051247,2026-01-01 12:30:04.889,Paštomatas yra lauke prie parduotuvės pastato sienos.
7544,LT,Helios (Udrop),Klaipėda,Taikos pr. 56,91183,55.690680542,21.152790184,2026-01-13 12:55:17.84,
7543,LT,Rimi (Udrop),Alytus,Ūdrijos g. 1,62411,54.40741,24.01689,2026-01-01 12:30:04.874,Paštomatas stovi lauke. Prie prekybos centro fasadinės sienos.
7542,LT,Domus Pro (Udrop),Vilnius,Ukmergės g. 308,12110,54.74025,25.225274,2026-01-01 12:30:04.871,Paštomatas yra lauke, matomas iš Ukmergės g.
7541,LT,Go9 (Udrop),Vilnius,Gedimino pr. 9,01105,54.686979,25.281569,2026-01-01 12:30:04.869,Paštomatą rasite viduje, įėjus pro pagrindinį įėjimą ir nusileidę į -2 aukštą.
1304,LT,Norfa,Telšiai,Luokės g. 91,87174,55.9749,22.2673,2026-01-01 12:30:03.516,Paštomatas yra prie parduotuvės Norfa.
0326,LT,Maxima,Ginduliai,Žalioji g. 36, Gindulių k., Klaipėdos r.,91276,55.7310,21.18650,2026-01-13 12:39:16.813,
0001,LT,Saurida degalinė,Vilnius,Buivydiškių g. 1A, Zujūnai,14160,54.7243,25.1907,2026-01-01 12:30:00.749,Paštomatas yra prie degalinės Saurida.
4702,LT,Norfa,Kuršėnai,Vytauto g. 78,81146,56.0127,22.9444,2026-01-01 12:30:04.551,Paštomatas yra prie PC Norfa
0261,LT,IKI Šilainiai,Kaunas,Žemaičių pl. 23,48244,54.9281,23.8851,2026-01-01 12:30:02.464,Paštomatas yra prie IKI Parduotuvės
0181,LT,Norfa ,Vilnius,Mokyklos g. 2C, Galgiai,13104,54.7120,25.4121,2026-01-01 12:30:01.704,Paštomatas yra prie pc Norfa
4003,LT,Meduolis,Kaltinėnai,Varnių g. 5,75451,55.564630790,22.455325922,2026-01-01 12:30:04.451,Paštomatas į prie įėjimo į parduotuvę.
3003,LT,KOOPS,Svėdasai,J.Tumo-Vaižganto g. 18A,29351,55.6821664,25.3658199,2026-01-01 12:30:04.272,Paštomatas yra prie įėjimo į ūkinių prekių parduotuvę.
1105,LT,Husqvarna,Utena,J.Basanavičiaus g. 12,28140,55.4960,25.583671,2026-01-01 12:30:03.44,Paštomatas yra prie Husqvarna parduotuvės
0707,LT,Aibė,Simnas,Vytauto g. 30,64304,54.3816,23.6482,2026-01-01 12:30:03.223,Paštomatas yra prie parduotuvės šoninės sienos.
0512,LT,Rimi Ragaudžiai,Panevėžys,Ragaudžių g. 2,36265,55.7172,24.3387,2026-01-01 12:30:03.048,Paštomatas yra prie prekybos centro Rimi
0511,LT,Bičiulis,Panevėžys,Marijonų g. 25,35129,55.7406,24.3588,2026-01-01 12:30:03.044,Paštomatas yra prie prekybos centro Bičiulis įėjimo
0415,LT,Maxima,Šiauliai,Vilniaus g. 3,76275,55.922907,23.349133,2026-01-01 12:30:02.924,Paštomatas yra lauke prie PC Maxima
6102,LT,Lidl,Nemenčinė,Vilniaus g. 42,15173,54.84131,25.46877,2026-01-01 12:30:04.656,Paštomatas stovi lauke. Parkingo aištelės gale.
6101,LT,Norfa,Nemenčinė,Vilijos g. 2,15174,54.844547,25.459807,2026-01-01 12:30:04.653,Paštomatas yra lauke prie įėjimo į parduotuvę.
4504,LT,Aibė,Vėžaičiai,Gargždų g. 29, Vėžaičiai,96216,55.7181,21.4754,2026-01-13 12:52:14.571,
0325,LT,Maxima,Nida,Naglių g. 29A,93123,55.30440,21.00529,2026-01-13 12:38:42.045,
7540,LT,Jozita (Udrop),Vilnius,Ukmergės g. 130,08100,54.70315114,25.25752688,2026-01-19 11:09:31.855,
7539,LT,Šilas (Udrop),Kaunas,Vandžiogalos pl. 22,47457,54.94530881,23.88265646,2026-01-01 12:30:04.857,Paštomatas stovi dešinėje įėjimo į ŠILAS parduotuvę pusėje.
7538,LT,Santariškių (Udrop),Vilnius,Santariškių g. 1,08406,54.75179426,25.28210363,2026-01-01 12:30:04.854,Paštomatas stovi dešinėje pusėje, prie išvažiavimo iš Unipark daugiaaukštės aikštelės
7537,LT,Stateta (Udrop),Vilnius,Ukmergės g. 246,07160,54.72321331,25.24125769,2026-01-01 12:30:04.851,Paštomatas stovi priešais įvažiavimą į STATETA plovyklą.
7536,LT,Aibė (Udrop),Klaipėda,Plieno g. 1,95112,55.6729627,21.20099227,2026-01-13 12:54:43.817,
7535,LT,Jozita (Udrop),Kaunas,Kuršių g. 13A,48109,54.93616529,23.89569753,2026-01-01 12:30:04.837,Paštomatas stovi dešinėje įėjimo į Jozita degalinę pusėje, už kampo.
7534,LT,Skulas (Udrop),Vilnius,J. Kazlausko g. 33,08314,54.72239189,25.27110037,2026-01-01 12:30:04.833,Paštomatas stovi dešinėje įėjimo į SKULAS degalinę pusėje, už kampo.
7533,LT,Etnokultūros centras,Žemaičių Naumiestis,Pergalės a. 15,99206,55.35907,21.70119,2026-01-13 12:56:24.936,
7532,LT,Aibė (Udrop),Klaipėda,Taikos pr. 100,93155,55.66820383,21.17180263,2026-01-13 12:54:14.58,
7531,LT,Aibė (Udrop),Vilnius,Erfurto g. 1,04220,54.678324118,25.213012522,2026-01-01 12:30:04.819,Paštomatas stovi kairėje įėjimo į AIBĖ parduotuvę pusėje, už kampo.
7530,LT,Aibė (Udrop),Panevėžys,Nemuno g. 70,35190,55.73266125,24.34231769,2026-01-01 12:30:04.816,Paštomatas stovi kairėje įėjimo į AIBĖ parduotuvę pusėje.
7529,LT,Rasa (Udrop),Marijampolė,Dariaus ir Girėno g. 15,68260,54.56039686,23.36105515,2026-01-01 12:30:04.813,Paštomatas stovi dešinėje įėjimo į RASA parduotuvę pusėje, už kampo.
7528,LT,Moki-veži (Udrop),Klaipėda,Šilutės pl. 83A,94101,55.6795681,21.18917898,2026-01-13 12:53:30.974,
7527,LT,Moki-veži (Udrop),Kaunas,Raudondvario pl. 205,47153,54.9191245,23.82753061,2026-01-01 12:30:04.8,Paštomatas stovi dešinėje įėjimo į Moki-veži parduotuvę pusėje.
7526,LT,Pramonės (Udrop),Šiauliai,Pramonės g. 23,78136,55.906821894,23.325497873,2026-01-01 12:30:04.797,Paštomatas matomas iš Pramonės g. pusės.
7525,LT,Kubas (Udrop),Šiauliai,Vytauto g. 122,76341,55.93233285,23.30478601,2026-01-01 12:30:04.793,Paštomatas stovi parkavimo aikštelėje, dešinėje įėjimo į KUBAS parduotuvę pusėje.
7524,LT,Norfa (Udrop),Panevėžys,Klaipėdos g. 103,37311,55.72896378,24.3243758,2026-01-01 12:30:04.783,Paštomatas stovi kairėje įėjimo į Norfa parduotuvę pusėje.
7523,LT,Molainių (Udrop),Panevėžys,Molainių g 15,37162,55.72183347,24.33012629,2026-01-01 12:30:04.78,Paštomatas stovi kairėje pastato pusėje.
7522,LT,Šilas (Udrop),Kaunas,Mildos g. 5, Domeikavos k.,54358,54.96170071,23.90790452,2026-01-01 12:30:04.777,Paštomatas stovi kairėje įėjimo į parduotuvę pusėje.
7521,LT,Šilas (Udrop),Vilnius,Zujūnų g. 5,06200,54.71250011,25.15982323,2026-01-01 12:30:04.773,Paštomatas stovi kairėje įėjimo į parduotuvę pusėje.
7520,LT,Šilas (Udrop),Karmėlava,Vilniaus g. 6,54448,54.96593617,24.05665606,2026-01-01 12:30:04.762,Paštomatas stovi kairėje įėjimo į parduotuvę pusėje.
7519,LT,Šilas (Udrop),Kaunas,Juozapavičiaus pr. 33,45257,54.87033633,23.93892887,2026-01-01 12:30:04.759,Paštomatas stovi dešinėje įėjimo į parduotuvę pusėje, už kampo.
7518,LT,Norfa (Udrop),Vilnius,Molėtų pl. 47B,08421,54.77184503,25.27237056,2026-01-01 12:30:04.756,Paštomatas stovi kairėje įėjimo į NORFA parduotuvę pusėje.
7517,LT,Smėlio arena (Udrop),Vilnius,Justiniškių g. 12,05131,54.70326162,25.21945284,2026-01-01 12:30:04.753,Paštomatas stovi dešinėje įėjimo į pastatą pusėje.
7516,LT,Duetto (Udrop),Vilnius,Spaudos g. 8,01131,54.70175405,25.21208414,2026-01-01 12:30:04.748,Paštomatas stovi įvažiavimo/išvažiavimo į požeminį parkavimą, dešinėje pusėje.
7515,LT,Senukai (Udrop),Ukmergė,Kauno g. 120B,20115,55.24118195,24.74304575,2026-01-01 12:30:04.739,Paštomatas stovi kairėje įėjimo į pastatą pusėje, už kampo.
7514,LT,Senukai (Udrop),Alytus,Statybininkų g. 71A,63403,54.39365115,24.0157413,2026-01-01 12:30:04.736,Paštomatas stovi dešinėje įėjimo į pastatą pusėje.
7513,LT,Senukai (Udrop),Vilnius,V. Pociūno g. 10,06298,54.70537809,25.20730428,2026-01-01 12:30:04.733,Paštomatas stovi dešinėje įėjimo į pastatą pusėje.
7512,LT,Senukai (Udrop),Mažeikiai,Tirkšlių g. 5E,89234,56.30536983,22.35214953,2026-01-01 12:30:04.73,Paštomatas stovi kairėje įėjimo į pastatą pusėje, už kampo.
7511,LT,Senukai (Udrop),Kaunas,Veiverių g. 148,46354,54.86867345,23.88761511,2026-01-01 12:30:04.72,Paštomatas stovi dešinėje įėjimo į pastatą pusėje.
7510,LT,Vichy (Udrop),Vilnius,Ozo g. 14C,08200,54.71625981,25.27744304,2026-01-01 12:30:04.717,Paštomatas stovi už pastato, Unipark stovėjimo aikštelėje. Matosi iš J. Ralio g. pusės.
7509,LT,Norfa (Udrop),Kaunas,Lukšio g. 70,49411,54.92428138,23.93983001,2026-01-01 12:30:04.713,Paštomatas stovi dešinėje pastato pusėje.
7508,LT,Draugystės g. (Udrop),Kaunas,Draugystės g. 6A,51286,54.91061117,23.98180071,2026-01-01 12:30:04.711,Paštomatas stovi kairėje įėjimo į Sportland parduotuvę pusėje.
7507,LT,Rimi Savanoriai (Udrop),Kaunas,Savanorių pr. 321,50120,54.91967733,23.95119252,2026-01-01 12:30:04.7,Paštomatas stovi kairėje įėjimo į RIMI parduotuvę pusėje.
7506,LT,North Star (Udrop),Vilnius,Ulonų g. 2,08245,54.70804773,25.29008068,2026-01-01 12:30:04.697,Paštomatas stovi dešinėje įvaržiavimo į požeminį parkavimą pusėje.
7505,LT,Parko g. (Udrop),Vilnius,Parko g. 37A,11228,54.6851741,25.42523653,2026-01-01 12:30:04.693,Paštomatas yra dešinėje įėjimo į pastatą pusėje.
7504,LT,Sostinės turgus (Udrop),Vilnius,Kalvarijų g. 88,09303,54.70302583,25.2823493,2026-01-01 12:30:04.69,Paštomatas matomas iš Žalgirio g. pusės.
7503,LT,Juozapavičiaus g. (Udrop),Vilnius,Juozapavičiaus g. 13 (Udrop),09311,54.69177866,25.28714459,2026-01-01 12:30:04.679,Paštomatas matomas iš Juozapavičiaus g. pusės.
7502,LT,K29 (Udrop),Vilnius,Konstitucijos pr. 29,08105,54.69922573,25.26516288,2026-01-01 12:30:04.677,Paštomatas yra dešinėje įvažiavimo į požeminį parkavimą pusėje.
7501,LT,Lvivo g. (Udrop),Vilnius,Lvivo g. 37,,09307,54.69740371,25.27695915,2026-01-01 12:30:04.674,Paštomatas matomas iš Krokuvos g. pusės.
0260,LT,Aibė Neveronys,Kaunas,Keramikų g. 7,54488,54.9254,24.0915,2026-01-01 12:30:02.455,Paštomatas yra lauke prie įėjimo į prekybos centrą Aibę
0414,LT, Norfa,Šiauliai,Vilties g. 1, Dainų k.,77209,55.91961,23.25517,2026-01-01 12:30:02.911,Paštomatas stovi lauke prie įėjimo į prekybos centrą.
0259,LT,Lidl,Kaunas,B.Brazdžionio g. 23B,48184,54.93395,23.86307,2026-01-01 12:30:02.448,Paštomatas stovi lauke prie pastato sienos. Matomas nuo pagrindinės prekybos centro mašinų aišktelės.
1805,LT,Ūkinės prekės,Salantai,A.Salio g. 3,97322,56.06056,21.57133,2026-01-13 12:44:49.584,
3903,LT,Norfa,Veisiejai,Dariaus ir Girėno g. 13,67340,54.10148,23.69581,2026-01-01 12:30:04.428,Paštomatas stovi lauke prie įėjimo į prekybos centrą.
0105,LT,Grūstė,Vilnius,Žirmūnų g. 84,09118,54.72496,25.30314,2026-01-01 12:30:00.924,Paštomatas yra lauke prie prekybos centro šoninės sienos.
0324,LT,Gausa,Klaipėda,Taikos pr. 8A,91229,55.704788,21.141725,2026-01-13 12:38:06.399,
0199,LT,Express Market,Vilnius,Žirmūnų g. 48A,09226,54.70274,25.30368,2026-01-01 12:30:01.909,Paštomatas stovi lauke prie įėjimo į parduotuvę.
1509,LT,Maxima,Švenčionėliai,Priestočio g. 6,18209,55.1640851,25.9955981,2026-01-01 12:30:03.643,Paštomatas stovi lauke prie pastato sienos.
0258,LT,Maxima,Giraitė,Automagistralės g. 4,54310,54.9587320,23.862681,2026-01-30 13:48:05.504,
1204,LT,IKI,Kėdainiai,P. Lukšio g. 1A,57198,55.29101,23.98450,2026-01-01 12:30:03.484,Paštomatas stovi lauke prie įėjimo į prekybos centrą.
2203,LT,Maxima,Palanga,Klaipėdos pl. 42,00111,55.91284,21.07774,2026-01-13 12:49:40.856,
0413,LT,Kubas,Šiauliai,Draugystės pr. 2,77147,55.92398,23.31566,2026-01-01 12:30:02.904,Paštomatas stovi lauke prie prekybos centro sienos.
3702,LT,Pašto skyrius,Linkuva,Vienybės a. 7,83443,56.08522,23.97231,2026-01-01 12:30:04.399,Paštomatas stovi lauke prie įėjimo į pašto skyrių.
5206,LT,Maxima,Skaidiškės,Rudaminos g. 29,13275,54.60660,25.38295,2026-01-01 12:30:04.647,Paštomatas stovi lauke prie prekybos centro šoninės sienos.
0257,LT,Maxima,Kaunas,Veiverių g. 150B,46391,54.86473,23.88672,2026-01-01 12:30:02.431,Paštomatas stovi lauke prie prekybos centro šoninės sienos.
0198,LT,Maxima,Vilnius,Lazdynėlių g. 23,04126,54.66283,25.19253,2026-01-01 12:30:01.904,Paštomatas stovi lauke prie prekybos centro šoninės pusės. Matomas iš Lazdynėlių g. pusės
1005,LT,Maxima,Jonava,Plento g. 3,55195,55.06586,24.28382,2026-01-01 12:30:03.39,Paštomatas stovi lauke prie pastato sienos netoli įėjimo į prekybos centrą.
0609,LT,Maxima,Kazlų Rūda,M.Valančiaus g. 7,69443,54.75163,23.49355,2026-01-01 12:30:03.156,Paštomatas stovi lauke prie prekybos centro šoninės sienos.
0197,LT,Rimi Zujūnai,Antežeriai,Žirgų g. 24,14158,54.73216,25.18406,2026-01-01 12:30:01.888,Paštomatas stovi lauke prie prekybos centro šoninės sienos.
1604,LT,Papartis,Ukmergė,Vasario 16-osios g. 30,20130,55.25013,24.75892,2026-01-01 12:30:03.677,Paštomatas stovi lauke prie įėjimo į parduotuvę.
2503,LT,Norfa,Druskininkai,Leipalingio g. 1,66371,54.028789,23.987302,2026-03-12 15:45:49.541,
3203,LT,DNC maisto prekės,Prienai,J.Basanavičiaus g. 15,59151,54.63802,23.94520,2026-01-01 12:30:04.328,Paštomatas stovi lauke prie pastato sienos.
0804,LT,IKI,Tauragė,Gedimino g. 21A,72282,55.25301,22.29875,2026-01-01 12:30:03.264,Paštomatas stovi lauke prie prekybos centro lauko sienos.
4204,LT,Norfa,Kaišiadorys,Gedimino g. 140,56171,54.85276,24.43312,2026-01-01 12:30:04.507,Paštomatas stovi lauke prie prekybos centro sienos.
4802,LT,Tehasas,Kupiškis,Vytauto g. 41,40115,55.839664,24.985843,2026-01-01 12:30:04.558,Paštomatas stovi lauke, matomas iš Vytauto g. pusės.
4002,LT,IKI ,Šilalė,J. Basanavičiaus g. 21,75124,55.490049,22.187869,2026-01-01 12:30:04.442,Paštomatas stovi lauke prie įėjimo į pašto skyrių.
0196,LT,Pašto skyrius,Vilnius,Antakalnio g. 75,10213,54.714904,25.31649,2026-01-01 12:30:01.872,Paštomatas yra prie pašto skyriaus.
2903,LT,Aibė,Tytuvėnai,J. Basanavičiaus g. 1 ,86488,55.596836062,23.197084179,2026-01-01 12:30:04.247,Paštomatas stovi lauke. Prie parduotuvės šoninės sienos, matomas iš Kelmės g. pusės.
1508,LT,IKI,Visaginas,Parko g. 7B-6,31131,55.59774,26.42422,2026-01-01 12:30:03.64,Paštomatas stovi lauke prie įėjimo į prekybos centrą. Matomas iš Parko g. pusės
2004,LT,IKI,Šilutė,Dariaus ir Girėno g. 11,99129,55.35063,21.46205,2026-01-13 12:47:56.959,
1706,LT,Norfa,Plungė,Dariaus ir Girėno g. 54,90169,55.921934,21.862502,2026-01-01 12:30:03.776,Paštomatas stovi lauke prie įėjimo į prekybos centrą.
0906,LT,Grūstė-26,Mažeikiai,Mažeikių 100-mečio g. 2,89229,56.324485,22.3315354,2026-01-01 12:30:03.358,Paštomatas stovi lauke prie parduotuvės fasadinės sienos.
5107,LT,Norfa,Trakai,Vilniaus g. 15C,21118,54.627722,24.945896,2026-01-01 12:30:04.616,Paštomatas stovi lauke prie prekybos centro sienos.
3103,LT,Žirnis Aibė,Žagarė,Miesto a. 8,84322,56.359586,23.255625,2026-01-01 12:30:04.295,Paštomatas stovi lauke, matomas iš Miesto a. pusės.
3002,LT,Norfa,Anykščiai,Vilniaus g. 22,29145,55.52242,25.09834,2026-01-01 12:30:04.258,Paštomatas stovi lauke prie įėjimo į prekybos centrą.
1905,LT,Žirnis Aibė,Radviliškis,Turgaus g. 12,82179,55.80387,23.55021,2026-01-01 12:30:03.907,Paštomatas stovi lauke prie parduotuvės šoninės sienos. Matomas iš Turgaus g. pusės.
2902,LT,Senasis Šilas ,Kelmė,Kęstučio g. 1D,86139,55.634644,22.94564,2026-01-01 12:30:04.237,Paštomatas stovi prie parduotuvės lauko sienos. Matomas iš Kęstučio g. pusės
0195,LT,IKI,Vilnius,Vaduvos g. 4,02304,54.64226,25.20504,2026-01-01 12:30:01.859,Paštomatas stovi lauke prie prekybos centro šoninės sienos. Matomas iš šoninės prekybos centro automobilių aikštelės.
1404,LT,Maisto ir pramonės prekės,Pilviškiai,Vasario 16-osios g. 16,70485,54.71795,23.22147,2026-01-01 12:30:03.564,Paštomatas stovi lauke prie įėjimo į prekybos centrą.
0194,LT,Rimi Galgiai,Vilnius,Žvaigždikių g. 2,10238,54.72587,25.41182,2026-01-01 12:30:01.852,Paštomatas stovi lauke prie įėjimo į prekybos centrą.
5106,LT,Norfa,Grigiškės,Kovo 11-osios g. 71,27124,54.66847,25.10422,2026-01-01 12:30:04.613,Paštomatas stovi lauke prie pastato sienos netoli įėjimo i prekybos centrą.
0706,LT,Norfa,Alytus,Jurgiškių g. 2,63131,54.39974,24.01337,2026-03-12 15:38:45.899,
0323,LT,Rimi Klipščiai,Klaipėda,Žaliakelio g. 1,92338,55.75237,21.17493,2026-01-13 12:37:52.558,
0256,LT,Rimi Baltijos,Kaunas,Baltijos g. 58,48221,54.92054,23.87958,2026-01-01 12:30:02.424,Paštomatas stovi lauke, matomas iš Baltijos g. pusės
0193,LT,Express Market,Vilnius,Pelesos g. 57,02109,54.670633,25.289441,2026-01-01 12:30:01.845,Paštomatas stovi lauke prie perkybos centro sienos, matomas iš Pelesos g. pusės.
1004,LT,Rimi,Jonava,Vasario 16 - osios g. 4,55158,55.07319,24.27546,2026-01-01 12:30:03.384,Pašomatas stovi lauke prie šoninės pastato sienos.
0255,LT,Moki-veži,Narsiečiai,Vytauto g. 183,53304,54.84409,23.87873,2026-01-01 12:30:02.416,Paštomatas stovi prie prekybos centro lauko sienos. Matomas iš automobilių aiškstelės.
0510,LT,Norfa,Panevėžys,Vasario 16-osios g. 55,35187,55.73139,24.348249,2026-01-01 12:30:03.032,Paštomatas stovi lauke prie prekybos centro šoninės sienos,matomas iš Vasario 16-osios g. pusės.
0905,LT,Grūstė,Viekšniai,Tilto g. 14,89492,56.23286,22.515685,2026-01-01 12:30:03.343,Paštomatas stovi lauke, prei prekybos centro sienos.
2003,LT,Čia Market,Švėkšna,Liepų a. 9,99383,55.51719,21.62198,2026-01-13 12:47:14.335,
4503,LT,Aibė,Gargždai,Pušų g. 40,96145,55.707148,21.386226,2026-01-13 12:51:45.814,
1705,LT,Norfa,Plungė,Kalniškių g. 18,90158,55.905118,21.844002,2026-01-01 12:30:03.767,Paštomatas stovi lauke prie įėjimo į prekybos centrą.
0904,LT,Norfa,Mažeikiai,Sedos g. 53,89191,56.29950,22.34029,2026-01-01 12:30:03.329,Paštomatas stovi lauke prie įėjimo į prekybos centrą.
0509,LT,Norfa,Panevėžys,Molainių g. 11,37162,55.72180,24.33097,2026-01-01 12:30:03.023,Paštomatas stovi lauke prie prekybos centro šoninės sienos.
0412,LT,Norfa,Šiauliai,Gumbinės g. 145A,76326,55.941521,23.282471,2026-01-01 12:30:02.891,Paštomatas stovi lauke prie prekybos centro šoninės sienos.
2105,LT,Pašto skyrius,Elektrėnai,Trakų g. 4,26118,54.786224,24.67144,2026-01-01 12:30:03.989,Paštomatas stovi lauke , matomas iš Trakų ir Drausystės g. pusių.
3802,LT,Pašto skyrius,Ignalina,Laisvės g. 64,30115,55.342508,26.164516,2026-01-01 12:30:04.407,Paštomatas stovi lauke , matomas iš Ateities g. pusės
2106,LT,Norfa,Širvintos,Zibalų g. 11,19110,55.046307,24.943581,2026-01-01 12:30:03.996,Paštomatas stovi lauke prie prekybos centro šoninės sienos.
1507,LT,Lakaja,Švenčionys,Vilniaus g. 8,18123,55.133510,26.158304,2026-01-01 12:30:03.635,Paštomatas yra prie parduotuvės Lakaja įėjimo.
3302,LT,Norfa,Šakiai,Šaulių g. 49,71117,54.96054,23.03150,2026-01-01 12:30:04.344,Paštomatas stovi lauke. Matomas iš Šaulių g. pusės
0254,LT,Šilas,Kaunas,A. Šapokos g. 38,47250,54.93894,23.85762,2026-01-01 12:30:02.403,Paštomatas stovi lauke prie pastato sienos netoli įėjimo į prekybos centrą.
1303,LT,Čia Market,Telšiai,Dariaus ir Girėno g. 11,87352,55.97612,22.23256,2026-01-01 12:30:03.512,Paštomatas stovi lauke prie prekybos centro šoninės sienos.
1103,LT,Aukštakalnis,Utena,Taikos g. 2 ,28153,55.51015,25.58520,2026-01-01 12:30:03.428,Paštomatas stovi lauke prie prekybos centro sienos.
1104,LT, Rašė,Utena,Vaižganto g. 17,28197,55.51106,25.60486,2026-01-01 12:30:03.436,Paštomatas stovi lauke prie prekybos centro šoninės sienos.
3102,LT,Elimart,Joniškis,V.Kudirkos g. 87,84174,56.23142,23.61199,2026-01-01 12:30:04.291,Paštomatas stovi lauke prie įėjimo į prekybos centrą.
2603,LT,Vigosa,Raseiniai,Jaunimo g. 14,60128,55.38388,23.11784,2026-01-01 12:30:04.15,Paštomatas stovi lauke. Matomas iš Jaunimo g.
0253,LT,Express Market,Kaunas,Kleboniškio g. 27 B,44104,54.95519,23.95027,2026-01-01 12:30:02.395,Paštomatas stovi lauke prie prekybos centro lauko sienos.
0192,LT,LIDL,Vilnius,Gariūnų g. 66,02300,54.658066,25.156287,2026-01-01 12:30:01.828,Paštomatas randasi lauke prie prekybos centro šoninės sienos. Matomas nuo Gariūnų g.
0191,LT,Express Market,Vilnius,L.Sapiegos g. 1C,10312,54.696405,25.310901,2026-01-01 12:30:01.819,Paštomatas stovi lauke prie prekybos centro šoninės sienos. Matomas iš L.Sapiegos ir Mildos g.
1804,LT,Rimi Kretinga,Kretinga,Šventosios g. 27B,97124,55.89527,21.23544,2026-01-13 12:44:00.83,
2602,LT,Maxima,Ariogala,Taurupio g. 15A,60251,55.26841,23.47055,2026-01-01 12:30:04.139,Paštomatas stovi lauke. Matomas iš Taurupio g., Žemaičių g.ir Laukų g. pusių.
0705,LT,Rimi Alytus,Alytus,Ūdrijos g. 1,62411,54.40741,24.01689,2026-03-12 15:37:53.071,
0190,LT,Lidl,Vilnius,Pramonės g. 17A,11118,54.69255,25.41212,2026-01-01 12:30:01.812,Paštomatas stovi lauke.Matomas iš Pramonės g. pusės.
5205,LT,Pašto skyrius,Eišiškės,Gegužės a. 18,17174,54.16851,24.99466,2026-01-01 12:30:04.636,Paštomatas stovi lauke prie pašto skyriaus šoninės sienos.
0189,LT,Norfa ,Vilnius,Zujūnų g. 1,06282,54.711052,25.160387,2026-01-01 12:30:01.806,Paštomatas stovi lauke. Prie prekybos centro šoninės sienos.
5003,LT,IKI Lozoraičio,Garliava,S. Lozoraičio g. 2,53237,54.832069,23.876259,2026-01-01 12:30:04.579,Paštomatas stovi lauke, matomas iš S. Lozoraičio g. pusės
0188,LT,Maxima,Vilnius,Moravų g. 7,11329,54.65048,25.324844,2026-01-01 12:30:01.792,Paštomatas stovi lauke, prie įėjimo į prekybos centrą.
0187,LT,Maxima Avižieniai,Vilnius,Saulės g. 1,14185,54.763937,25.194016,2026-01-01 12:30:01.777,Paštomatas stovi lauke prie prekybos centro šoninės sienos. Matomas iš Sudervės g. pusės
0251,LT,Rimi Ringaudai,Kaunas,Varžupio g. 1,53349,54.893832,23.81412,2026-01-01 12:30:02.391,Paštomatas stovi lauke prie prekybos centro šoninės sienos.  Matomas nuo įvažiavimo į prekybos centro automobilių stovėjimo aikštelę.
4502,LT,Aibė,Gargždai,Vasarios 16-osios g.45,96119,55.717696,21.394182,2026-01-13 12:51:06.015,
0250,LT,Maxima,Kaunas,Rokų g. 17,46114,54.840706,23.94856,2026-01-01 12:30:02.381,Paštomatas stovi lauke. Matomas iš prekybos centro automobilių stovėjimo aikštelės.
5204,LT,Pašto skyrius,Šalčininkai,Vilniaus g. 61,17116,54.307465,25.384354,2026-01-01 12:30:04.634,Paštomatas stovi lauke. Matomas iš Vilniaus g. pusės.
2104,LT,Maxima,Širvintos,I.Šeiniaus g. 19,19125,55.038202,24.953996,2026-01-01 12:30:03.979,Paštomatas stovi lauke prie prekybos centro šoninės sienos.
0249,LT,Rimi Studentų,Kaunas,Studentų g. 19,50240,54.908534,23.951524,2026-01-01 12:30:02.372,Paštomatas stovi lauke. Matomas iš Studentų g. pusės
0248,LT,Rimi Krėvės,Kaunas,V. Krėvės pr.  43A,49440,54.917479,23.966604,2026-01-01 12:30:02.368,Paštomatas stovi lauke prie prekybos centro šoninės sienos. Matomas iš V.Krėvės pr. pusės.
0186,LT,Verslo namai Paupys,Vilnius,Aukštaičių g. 7,11341,54.678929,25.304512,2026-01-01 12:30:01.76,Paštomatas stovi lauke prie Verslo namai "Paupys" galinės pastato sienos. Matomas iš Paupio g. pusės.
3202,LT,IKI,Birštonas,S. Dariaus ir S. Girėno g. 24,59212,54.605394,24.028887,2026-01-01 12:30:04.319,Paštomatas stovi lauke prie prekybos centro šoninės sienos. Matomas iš S. Dariaus ir S. Girėno ir Vaižganto g. pusių.
0185,LT,LIDL,Vilnius,S. Stanevičiaus g. 2A,07129,54.720923,25.254885,2026-01-01 12:30:01.745,Paštomatas stovi lauke. Matomas iš prekybos centro automobilių stovėjimo aikštelės.
2302,LT,IKI,Rokiškis,Panevėžio g. 16,42162,55.946219,25.585032,2026-01-01 12:30:04.059,Paštomatas stovi lauke, prie prekybos centro šoninės sienos. Matosi nuo Panevežio g. pusės
2803,LT,IKI,Jurbarkas,Dariaus ir Girėno g. 25,74127,55.077511,22.765341,2026-01-01 12:30:04.216,Paštomatas stovi lauke prie prekybos centro šoninės sienos. Matomas nuo P.Cvirkos g. pusės
5203,LT,IKI,Rudamina,Gamyklos g. 26,13249,54.592837,25.341629,2026-01-01 12:30:04.631,Paštomatas stovi lauke prie prekybos centro šoninės sienos. Matomas iš Taikos g. pusės.
5105,LT,IKI,Pagiriai,Durpių g. 40,14118,54.577624,25.200801,2026-01-01 12:30:04.61,Paštomatas stovi lauke, prie įėjimo į prekybos centrą.
4203,LT,Maxima,Rumšiškės,L. Lekavičiaus g. 32,56337,54.872499,24.214641,2026-01-01 12:30:04.496,Paštomatas yra lauke, prie prekybos centro šoninės sienos.
1203,LT,LIDL,Kėdainiai,J.Basanavičiaus g. 87B,57357,55.278833,23.964724,2026-01-01 12:30:03.472,Paštomatas stovi lauke. Matomas iš prekybos centro automobilių stovėjimo aikštelės.
0322,LT,IKI,Klaipėda,Priestočio g. 24,92228,55.719744,21.138372,2026-01-13 12:37:09.589,
0182,LT,LIDL,Vilnius,J. Tiškevičiaus g. 17,02231,54.624853,25.111974,2026-01-01 12:30:01.72,Paštomatas stovi lauke. Matomas iš prekybos centro automobilių stovėjimo aikštelės.
0184,LT,LIDL,Vilnius,Žirmūnų g. 67,09112,54.716969,25.305955,2026-01-01 12:30:01.734,Paštomatas stovi lauke prie prekybos centro šoninės sienos.
0179,LT,Rimi Tarandė,Vilnius,Vaivadiškių g. 2,12151,54.748531,25.203193,2026-01-01 12:30:01.693,Paštomatas stovi lauke prie prekybos centro šoninės sienos.
1603,LT,IKI,Ukmergė,Vilniaus g. 62,20159,55.244116,24.773193,2026-01-01 12:30:03.672,Paštomatas stovi lauke, prie prekybos centro šoninės sienos. Matomas iš Antakalnio g. pusės.
1403,LT,LIDL,Vilkaviškis,Vytauto g. 77,70139,54.646894,23.03846,2026-01-01 12:30:03.551,Paštomatas yra lauke prie prekybos centro vėžimelių saugojimo vietos.
0411,LT,LIDL,Šiauliai,Tilžės g. 3,78322,55.908533,23.262605,2026-01-01 12:30:02.888,Paštomatas stovi lauke matomas nuo prekybos centro automobilių stovėjimo aikštelės.
0410,LT,LIDL,Šiauliai,Tilžės g. 217,76200,55.940273,23.325622,2026-01-01 12:30:02.883,Paštomatas stovi lauke prie prekybos centro galinės sienos.
0321,LT,IKI Naikupė,Klaipėda,Nidos g. 5,93216,55.678635,21.156466,2026-01-13 12:36:38.468,
0320,LT, Pepco,Klaipėda,H. Manto g. 36,92233,55.716157,21.129164,2026-01-13 12:36:02.514,
1704,LT,LIDL,Plungė,J.Tumo-Vaižganto g. 110,90142,55.902106,21.827144,2026-01-01 12:30:03.759,Paštomatas stovi lauke, matomas nuo prekybos centro automobilių stovėjimo aikštelės.
0247,LT,LIDL,Kaunas,Baltų pr. 10,48165,54.931874,23.887029,2026-01-01 12:30:02.364,Paštomatas stovi lauke. Matomas nuo prekybos centro automobilių stovėjimo aikštelės.
1602,LT,LIDL,Ukmergė,Vytauto g. 111A,20184,55.259474,24.791811,2026-01-01 12:30:03.657,Paštomatas yra lauke, prie prekybos centro šoninės sienos. Matomas iš autobusų stoties pusės.
0177,LT,LIDL,Vilnius,Rasų g. 9A,02102,54.673489,25.295791,2026-01-01 12:30:01.667,Paštomatas yra lauke, matomas iš prekybos centro automobilių stovėjimo aikštelės.
0608,LT,LIDL,Marijampolė,Žemaitės g. 22,68264,54.556405,23.355845,2026-01-01 12:30:03.149,Paštomatas yra lauke, matomas iš prekybos centro automobilių stovėjimo aikštelės.
0607,LT,LIDL,Marijampolė,Palangos g. 22,68188,54.567240,23.348778,2026-01-01 12:30:03.137,Paštomatas yra lauke, prie prekybos centro šoninės sienos.Matomas nuo prekybos centro automobilių aukštelės.
1003,LT,LIDL,Jonava,Žemaitės g. 3,55134,55.081678,24.26948,2026-01-01 12:30:03.379,Paštomatas randasi lauke. Matomas nuo prekybos centro automobilių aikštelės.
0174,LT,LIDL,Vilnius,Kapsų g. 1,02169,54.660971,25.27617,2026-01-01 12:30:01.639,Paštomatas yra lauke , matomas nuo prekybos centros automobilių stovėjimo aikštelės.
0175,LT,LIDL,Vilnius,Kalvarijų g.  180,08204,54.713975,25.28396,2026-01-01 12:30:01.647,Paštomatas yra lauke matomas nuo Tauragnų g. pusės
1302,LT,LIDL,Telšiai,Luokės g. 74A,87140,55.975572,22.266818,2026-01-01 12:30:03.504,Paštomatas randasi lauke. Prie prekybos centro automobilių stovėjimo aikštelės.
0508,LT,LIDL,Panevėžys,Kosmonautų g. 14 ,37355,55.731165,24.340913,2026-01-01 12:30:03.017,Paštomatas randasi lauke, matomas iš Nemuno g. pusės
0507,LT,LIDL,Panevėžys,J.Basanavičiaus g. 67,36204,55.716557,24.372649,2026-01-01 12:30:03.01,Paštomatas yra lauke. Matomas nuo prekybos centro automobilų aikštelės.
0183,LT,LIDL,Vilnius,Vėtrungių g. 16,06305,54.738137,25.230641,2026-01-01 12:30:01.724,Paštomatas yra lauke prie prekybos centro šoninės sienos.
0180,LT,LIDL,Vilnius,Nidos g. 1,06293,54.710157,25.185543,2026-01-01 12:30:01.7,Paštomatas yra lauke prie prekybos centro šoninės sienos.
0178,LT,LIDL,Vilnius,Sausio 13-osios g. 3,04343,54.69324,25.21880,2026-01-01 12:30:01.682,Paštomatas yra prekybos centro požeminėje automobilių stovėjimo aikštelėje.
0176,LT,LIDL,Vilnius,Dūkštų g. 34 ,07171,54.711659,25.240919,2026-01-01 12:30:01.654,Paštomatas yra lauke prie prekybos centro šoninės sienos.
0409,LT,LIDL,Šiauliai,Pramonės g.  1A,78137,55.920337,23.294595,2026-01-01 12:30:02.879,Paštomatas randasi lauke prie įvažiavimo į prekybos centro automobilių aikštelę.
0318,LT,LIDL,Klaipėda,Taikos pr. 66B,93219,55.68359,21.15969,2026-01-13 12:33:53.214,
0319,LT,LIDL,Klaipėda,Tilžės g. 56B,91110,55.704179,21.158502,2026-01-13 12:35:24.748,
0244,LT,LIDL,Kaunas,Jonavos g. 40,44263,54.901922,23.896822,2026-01-01 12:30:02.349,Paštomatas randasi lauke . Matomas iš automobilių stovėjimo aikštelės.
0245,LT,LIDL,Kaunas,Šiaurės pr. 1A,49188,54.929457,23.969267,2026-01-01 12:30:02.359,Paštomatas yra lauke, matomas nuo Šiaurės pr.
2002,LT,LIDL,Šilutė,Tilžės g. 22,99169,55.343747,21.484101,2026-01-13 12:46:40.293,
0408,LT,Tau, PC,Šiauliai,Birutės g. 37,76215,55.947706,23.297247,2026-01-01 12:30:02.868,Paštomatas yra lauke, prie įėjimo į prekybos centrą.
0173,LT,Maxima,Vilnius,P.Žvirkos g. 1,02210,54.60565,25.26221,2026-01-01 12:30:01.631,Paštomatas yra lauke,prie prekybos centro šoninės sienos.
0172,LT,Rimi Pavilnionių,Vilnius,Pavilnionių g. 22,05273,54.735449,25.217641,2026-01-01 12:30:01.624,Paštomatas yra lauke, matomas iš Gileikių g. pusės.
5104,LT,Rimi Trakai,Trakai,Vytauto g. 90,21106,54.63342,24.93506,2026-01-01 12:30:04.606,Paštomatas stovi lauke, prie  taromato sienos.
4302,LT,Norfa,Babtai,Kauno g. 28B,54333,55.08312,23.79942,2026-01-01 12:30:04.524,Paštomatas yra lauke ,prie parduotuvės šoninės sienos.
3402,LT,IKI Varėna,Varėna,Vytauto g. 18,65184,54.211633,24.569602,2026-03-12 15:47:54.94,
1904,LT,Norfa,Radviliškis,Taikos g. 9,82128,55.800486,23.562122,2026-01-01 12:30:03.9,Paštomatas yra lauke. Prie prekybos centro pastato šoninės sienos. Matomas iš Taikos g. pusės.
1506,LT,Norfa,Pabradė,Molėtų g. 4,18169,54.979634,25.755995,2026-01-01 12:30:03.625,Paštomatas yra lauke . Prie prekybos centro pastato sienos.
3902,LT,Senukai,Lazdijai,Sodų g. 12,67112,54.23138,23.51641,2026-03-12 15:47:17.454,
2403,LT,Norfa,Venta,Plento g. 2A,85310,56.193364,22.679285,2026-01-01 12:30:04.084,Paštomatas yra lauke prie prekybos centro pastato sienos.
0243,LT,IKI,Raudondvaris,J.Naujalio g. 20B,54138,54.938784,23.777461,2026-02-20 19:03:37.694,
0242,LT,Urmo prekybos miestelis,Kaunas,Pramonės pr. 16,51271,54.916087,23.986894,2026-01-01 12:30:02.326,Paštomatas yra Urmo prekybos bazės aikštelėje, netoli Mileniumo pastato.
0241,LT,Rimi Prancūzų,Kaunas,Prancūzų g. 81,44426,54.891546,23.949199,2026-01-01 12:30:02.315,Paštomatas yra lauke prie prekybos centro pastato šoninės sienos.
0170,LT,Maxima XX,Vilnius,Santaros g. 5,08409,54.756978,25.277948,2026-01-01 12:30:01.599,Paštomatas yra lauke, matomas iš Santaros g. pusės
4902,LT,Maxima X,Riešė,Beržų g. 92,14266,54.807176,25.251503,2026-01-01 12:30:04.569,Paštomatas yra lauke prie įėjimo į  prekybos centrą.
0171,LT,Maxima X,Vilnius,Žaliųjų ežerų g. 207,08471,54.800706,25.348568,2026-01-01 12:30:01.612,Paštomatas yra lauke, prie prekybos centro pastato šoninės sienos.
1902,LT,Gausa, PC,Baisogala,Maironio g. 44,82320,55.638810,23.723466,2026-01-01 12:30:03.875,Paštomatas stovi lauke. Matomas iš Maironio g. pusės
0407,LT,IKI Lyra,Šiauliai,Lyros g. 19A,78268,55.914902,23.262142,2026-01-01 12:30:02.864,Paštomatas yra lauke prie prekybos centro sienos .
0317,LT,Technorama,Klaipėda,Taikos pr. 39,91150,55.6980,21.1465,2026-01-13 12:32:53.328,
0168,LT,Rimi Rygos,Vilnius,Rygos g. 8,05270,54.71534,25.22446,2026-01-01 12:30:01.584,Paštomatas yra lauke. Prie prekybos centro šoninės sienos.
7001,LT,Norfa,Rūdiškės,Paluknės g. 1,21172,54.520836,24.834763,2026-01-01 12:30:04.667,Paštomatas yra lauke prie prekybos centro pastato pagrindinio įėjimo.
1505,LT,LIDL,Visaginas,Veteranų g. 9,31114,55.598944,26.434635,2026-01-01 12:30:03.616,Paštomatas yra lauke , prie prekybos centro šoninės sienos.
2502,LT,Malonė, PC,Druskininkai,M.K Čiurlionio g. 107,66161,54.011442,23.990306,2026-03-12 15:43:31.112,
1504,LT,Norfa,Švenčionėliai,Žemutinės g. 26,18212,55.169467,26.003813,2026-01-01 12:30:03.611,Paštomatas yra lauke, prie prekybos centro įėjimo.
1402,LT,Norfa,Kybartai,Vištyčio g. 40,70428,54.631154,22.755410,2026-01-01 12:30:03.538,Paštomatas yra lauke, prie prekybos centro šoninės sienos.
0169,LT,Rimi Bendorėliai,Vilnius,Senasis Ukmergės kl. 46A,14302,54.77736,25.19205,2026-01-01 12:30:01.596,Paštomatas yra lauke , prie prekybos šoninės sienos.
6001,LT,Norfa,Pagėgiai,Vilniaus g. 18A,99292,55.135278,21.907060,2026-01-13 12:52:44.977,
1903,LT,Norfa,Šeduva,Panevėžio g. 33,82224,55.756420,23.762576,2026-01-01 12:30:03.887,Paštomatas yra lauke prie prekybos centro šoninės sienos.
1002,LT,Norfa,Rukla,Karaliaus Mindaugo g. 10,55285,55.052706,24.37743,2026-01-01 12:30:03.37,Paštomatas yra lauke prie prekybos centro šoninės sienos.
0803,LT,Norfa,Tauragė,Šilalės g. 87C,72205,55.267707,22.287623,2026-01-01 12:30:03.26,Paštomatas yra lauke, prie prekybos centro šoninės sienos.
2402,LT,Pašto skyrius,Akmenė,K.Kasakausko g. 7,85367,56.245313,22.749378,2026-01-01 12:30:04.072,Paštomatas yra lauke , prie pašto pagrindinio įėjimo.
1202,LT,IKI Gegučių,Kėdainiai,Gegučių g. 13,57461,55.283164,23.962116,2026-01-01 12:30:03.464,Paštomatas yra lauke prie prekybos centro pastato  šoninės sienos.
0314,LT,Rimi Slengiai,Klaipėda,Dangaus g. 34, Slengiai,92343,55.736839,21.191818,2026-01-13 12:31:44.502,
0238,LT,B and B Hotel,Karmėlava,Vilniaus g. 52A,54459,54.972227,24.0692,2026-02-20 18:31:58.848,
0506,LT,Vasaris, PC,Panevėžys,Aukštaičių g. 88,36115,55.72578,24.384239,2026-01-01 12:30:02.997,Paštomatas yra lauke, prie prekybos centro pastato šoninės sienos, matomas nuo Aukštaičių g. pusės
1802,LT,Pašto skyrius,Skuodas,Gedimino g. 6,98116,56.270158,21.529217,2026-01-13 12:43:24.253,
1702,LT,IKI Plungė-Turgus,Plungė,Laisvės g. 5,90156,55.909374,21.856726,2026-01-01 12:30:03.737,Paštomatas yra lauke, prie prekybos centro šoninės sienos.
0316,LT,Rimi Dercekliai,Klaipėda,Nidos g. 1, Dercekliai,96383,55.578416,21.270966,2026-01-13 12:32:20.546,
0903,LT,IKI Venta,Mažeikiai,Ventos g. 10B,89171,56.30887,22.323752,2026-01-01 12:30:03.313,Paštomatas yra lauke prie prekybos centro šoninės sienos.
1703,LT,Pašto skyrius,Rietavas,Plungės g. 21,90313,55.724639,21.930742,2026-01-01 12:30:03.745,Paštomatas yra lauke , matomas iš Plungės g. pusės
2702,LT,IKI,Biržai,Vytauto g. 27,41172,56.201256,24.756911,2026-01-01 12:30:04.192,Paštomatas yra lauke , prie parduotuvės šoninės sienos
0313,LT,Senukai,Klaipėda,Liepų g. 81,92195,55.722442,21.155731,2026-01-13 12:31:00.779,
0606,LT,Pašto skyrius,Kazlų Rūda,J. Basanavičiaus 6A,69415,54.752663,23.49175,2026-01-01 12:30:03.127,Paštomatas yra lauke , prie pašto pastato pagrindinio įėjimo.
0164,LT,IKI Plytinės,Vilnius,Saulėtekio al. 43,10227,54.725243,25.342348,2026-01-01 12:30:01.552,Paštomatas yra lauke , prie prekybos centro galinės sienos.
5202,LT,KOOPS,Jašiūnai,M.Balinsko g. 2,17249,54.43957,25.326522,2026-01-01 12:30:04.628,Paštomatas randasi lauke prie prekybos centro priekinės sienos
5103,LT,Norfa,Lentvaris,Klevų al. 4,25109,54.646669,25.051247,2026-01-01 12:30:04.598,Paštomatas yra lauke prie parduotuvės pastato sienos.
5102,LT,IKI Lentvaris,Lentvaris,Geležinkelio g. 38-1,25116,54.644082,25.046398,2026-01-01 12:30:04.595,Paštomatas randasi lauke prie prekybos centro šoninės sienos.
5002,LT,Aibė,Mastaičiai,Mokslo g. 11,53312,54.823191,23.841248,2026-01-01 12:30:04.575,Paštomatas yra lauke prie prekybos centro pagrindinio įėjimo.
2802,LT,IKI,Vilkija,Čekiškės g. 98,54221,55.043802,23.582761,2026-02-20 19:25:12.512,
1502,LT,Pašto skyrius,Švenčionys,Vilniaus g. 18,18123,55.131661,26.155626,2026-01-01 12:30:03.592,Paštomatas yra lauke, prie pašto įėjimo.
1102,LT,Senukai,Utena,J. Basanavičiaus g. 52,28142,55.498009,25.596979,2026-01-01 12:30:03.42,Paštomatas yra lauke, matomas iš Donelaičio g. pusės
0239,LT,Šilas,Noreikiškės,Šiltnamių g. 19,53363,54.890142,23.853656,2026-01-01 12:30:02.292,Paštomatas stovi lauke, prie prekybos centro šoninės sienos.
0165,LT,Rimi Naujoji Vilnia,Vilnius,Šiaurės g. 37,11107,54.700615,25.410053,2026-01-01 12:30:01.56,Paštomatas yra lauke prie PC RIMI , matomas iš Šiaurė g.  pusės
1503,LT,Aibė,Mickūnai,Vilniaus g. 17A,13116,54.702425,25.520959,2026-01-01 12:30:03.595,Paštomatas yra lauke, prie pastato šoninės sienos.
0167,LT,Norfa,Vilnius,Salininkų g. 129A,02210,54.605287,25.264065,2026-01-01 12:30:01.572,Paštomatas yra lauke prie prekybos centro šoninės sienos.
0166,LT,Norfa,Vilnius,A.P Kavoliuko g. 6,04326,54.697866,25.210894,2026-01-01 12:30:01.565,Paštomatas stovi lauke prie prekybos centro šoninės sienos.
0605,LT,Pašto skyrius,Kalvarija,Laisvės g. 1,69206,54.414545,23.227662,2026-01-01 12:30:03.117,Paštomatas yra lauke prie Lietuvos pašto pastato šoninės sienos, matomas iš Laisvės g.ir S. Dariaus ir S.Girėno g. pusių.
4202,LT,Pašto skyrius,Žiežmariai,Žąslių g. 5,56235,54.805034,24.444112,2026-01-01 12:30:04.487,Paštomatas yra lauke prie Lietuvos pašto pastato pagrindinio įėjimo.
0237,LT,Express Market,Kaunas,Kalniečių g. 172 ,50138,54.919979,23.932842,2026-01-01 12:30:02.28,Paštomatas yra lauke prie PC Express Market šoninės sienos.
4102,LT,Pašto skyrius,Molėtai,Vilniaus g. 43,33102,55.232090,25.419384,2026-01-01 12:30:04.457,Paštomatas yra lauke prie Lietuvos pašto pastato šoninės sienos, matomas iš Vilniaus g.pusės
2103,LT,Pašto skyrius,Vievis,Vilniaus g. 55A,21376,54.770874,24.819004,2026-01-01 12:30:03.971,Paštomatas yra lauke prie Lietuvos pašto pastato  pagrindinio įėjimo
2102,LT,LIDL,Elektrėnai,Sabališkių g. 1D,26141,54.788737,24.674972,2026-01-01 12:30:03.959,Paštomatas yra lauke, matomas nuo prekybos centro automobilių stovėjimo aikštelės.
3701,LT,Pašto skyrius,Pakruojis,Vytauto Didžiojo g. 17,83155,55.977647,23.845942,2026-01-01 12:30:04.396,Paštomatas yra lauke prie Lietuvos pašto pastato šoninės sienos, matomas iš Pieninės g. pusės
2202,LT,LIDL,Palanga,Klaipėdos pl. 59,00230,55.919201,21.076974,2026-01-13 12:49:05.175,
0802,LT,Pašto skyrius,Tauragė,Dariaus ir Girėno g. 16 ,72256,55.252074,22.285278,2026-01-01 12:30:03.251,Paštomatas yra lauke prie Lietuvos pašto pastato pagrindinio įėjimo.
0240,LT,Rimi Europos,Kaunas,Europos pr. 43,46329,54.876020,23.912428,2026-01-01 12:30:02.306,Paštomatas yra lauke prie prekybos centro šoninės sienos.
0236,LT,Šilas,Kaunas,Pašilės g. 108 ,51313,54.909389,23.965170,2026-01-01 12:30:02.271,Paštomatas yra lauke, matomas iš Pašilės g. pusės
0235,LT,Šilas,Kaunas,Lubinų g. 155,47222,54.945420,23.828236,2026-01-01 12:30:02.264,Paštomatas yra lauke, prie prekybos centro Šilas
0163,LT,Dominikonų g. ,Vilnius,Dominikonų g. 4,01131,54.680897,25.283554,2026-01-01 12:30:01.541,Paštomatas yra lauke, Unipark stovėjimo aikštelėje, matomas iš Dominikonų g.
0234,LT,LIDL,Kaunas,Veiverių g. 146,46354,54.869355,23.887494,2026-01-01 12:30:02.251,Paštomatas yra lauke , matomas nuo prekybos centro automobilių stovėjimo aikštelės.
0233,LT,Savas,Kaunas,Savanorių pr. 346,49428,54.921706,23.963338,2026-01-01 12:30:02.244,Paštomatas yra lauke, prie PC SAVAS, matomas iš Partizanų g. pusės
0232,LT,Rimi Varniai,Kaunas,Varnių g. 41,48414,54.915901,23.901459,2026-01-01 12:30:02.235,Paštomatas yra lauke, prie prekybos centro RIMI
0231,LT,Maxima X,Kaunas,Vandžiogalos pl. 106A, Domeikava,54358,54.953319,23.898054,2026-01-01 12:30:02.227,Paštomatas yra lauke, prie Maxima parduotuvės.
0162,LT,Pigu.lt,Vilnius,Saltoniškių g. 29,08105,54.696932,25.255789,2026-01-01 12:30:01.536,Paštomatas yra lauke, prie PIGU.LT parduotuvės, matomas iš Saltoniškių gatvės.
5201,LT,IKI Nemėžis,Nemėžis,V.Sirokomlės g. 17,13260,54.637,25.35562,2026-01-01 12:30:04.618,Paštomatas yra lauke, šalia Nemėžio centrinio pašto
0704,LT,Norfa,Alytus,Topolių g. 1,63337,54.396882,24.028228,2026-03-12 15:36:36.952,
0230,LT,IKI Baltai,Kaunas,Baltų pr. 81,48231,54.927074,23.87908,2026-01-01 12:30:02.209,Paštomatas yra lauke
0229,LT,Express Market,Kaunas,Marių g. 2,52263,54.914602,24.063212,2026-01-01 12:30:02.203,Paštomatas yra lauke, matomas iš Marių g.
0228,LT,Express Market,Kaunas,Pilėnų g. 1, Akademija,53347,54.896007,23.823147,2026-01-01 12:30:02.199,Paštomatas yra lauke, matomas iš Pilėnų g.
0227,LT,IKI Vaišvydava,Kaunas,Didžioji g. 98,45462,54.854678,24.013443,2026-01-01 12:30:02.189,Paštomatas yra lauke, prie PC IKI
0161,LT,GO9,Vilnius,Gedimino pr. 9,01105,54.686979,25.281569,2026-01-01 12:30:01.523,Paštomatą rasite viduje, įėjus pro pagrindinį įėjimą ir nusileidę į -2 aukštą.
0160,LT,Maxima XX,Vilnius,Sausio 13-osios g. 2,04343,54.692949,25.220924,2026-01-01 12:30:01.517,Paštomatas yra lauke, prie įėjimo į prekybos centrą
0159,LT,Rimi Šiaurės miestelis,Vilnius,Žirmūnų g. 64,09131,54.712751,25.300704,2026-01-01 12:30:01.507,Paštomatas yra lauke, matomas iš J. Kubiliaus g.
0158,LT,IKI Šeškinė,Vilnius,Šeškinės g. 32,07157,54.715015,25.245527,2026-01-01 12:30:01.496,Paštomatas yra lauke, matomas iš Šeškinės g.
0157,LT,Rimi Šiltnamių,Vilnius,Šiltnamių g. 21,04123,54.66681,25.21678,2026-01-01 12:30:01.474,Paštomatas yra lauke prie sienos už taromato
0156,LT,Rimi Pilaitė,Vilnius,Vydūno g. 4,06204,54.707196,25.187515,2026-01-01 12:30:01.465,Paštomatas yra lauke, matomas iš Vydūno g.
0155,LT,Norfa,Vilnius,Rygos g. 49,05203,54.718947,25.212217,2026-01-01 12:30:01.452,Paštomatas yra lauke, matomas iš Rygos g.
0154,LT,Maxima X,Vilnius,Dariaus ir Girėno g. 19B,02184,54.653869,25.270234,2026-01-01 12:30:01.436,Paštomatas yra lauke, matomas iš Dariaus ir Girėno g.
0153,LT,Maxima X,Vilnius,Nemenčinės pl. 33,10105,54.734713,25.339074,2026-01-01 12:30:01.42,Paštomatas yra lauke, matomas iš Nemenčinės pl.
0152,LT,Domus Pro,Vilnius,Ukmergės g. 308,12110,54.74025,25.225274,2026-01-01 12:30:01.401,Paštomatas yra lauke, matomas iš Ukmergės g.
0150,LT,Express Market,Vilnius,Polocko g. 42A,01205,54.6824,25.3092,2026-01-05 08:17:50.857,
0149,LT,Jeruzalės siuntų centras,Vilnius,Jeruzalės g. 14,08415,54.74293,25.276518,2026-01-01 12:30:01.372,Paštomatas yra lauke, matomas iš Jeruzalės g.
0148,LT,Maxima X,Vilnius,Savanorių pr. 31,03128,54.674055,25.248067,2026-01-01 12:30:01.36,Paštomatas yra lauke, matomas iš Savanorių pr.
0147,LT,Rimi Mylia,Vilnius,Kedrų g. 4,03116,54.67565,25.25694,2026-01-01 12:30:01.349,Paštomatas yra lauke, pirmame prekybos centro aukšte. Prie pagrindinio įėjimo.
0146,LT,IKI Baltupiai,Vilnius,Didlaukio g. 80A,08326,54.728696,25.269773,2026-01-01 12:30:01.34,Paštomatas yra lauke, matomas iš Didlaukio g.
0145,LT,Helios City,Vilnius,Savanorių pr. 1,03116,54.679563,25.25857,2026-01-01 12:30:01.336,Paštomatas yra lauke, matomas iš Savanorių pr.
0144,LT,IKI Pašilaičiai,Vilnius,Gabijos g. 34,06158,54.735816,25.224065,2026-01-01 12:30:01.331,Paštomatas yra lauke, matomas iš Gabijos g.
0143,LT,Mandarinas,Vilnius,Ateities g. 91,06324,54.731942,25.246722,2026-01-01 12:30:01.316,Paštomatas yra lauke, automobilių stovėjimo aikštelėje, matomas iš Ateities g.
0142,LT,Maxima,Vilnius,Gilužio g. 5,06236,54.70137,25.17876,2026-01-01 12:30:01.297,Paštomatas yra lauke, matomas iš Gilužio g. pusės
0141,LT,Maxima,Vilnius,Viršuliškių g. 30 ,05110,54.70984,25.222203,2026-01-01 12:30:01.281,Paštomatas yra šalimais įvažiavimo į parkingą
0140,LT,Norfa,Vilnius,Genių g. 10A,11219,54.688201,25.421666,2026-01-01 12:30:01.271,Paštomatas yra lauke, prie prekybos centro įėjimo.
0226,LT,Šilas,Kaunas,M. Gimbutienės g. 3,52350,54.892347,24.004377,2026-01-01 12:30:02.179,Paštomatas yra lauke, matomas iš R. Kalantos g.
0139,LT,Lidl,Vilnius,Liepkalnio g. 102A, Vilnius,02121,54.654848,25.304637,2026-01-01 12:30:01.263,Paštomatas yra prie įėjimo į LIDL parduotuvę iš parkingo pusės
0138,LT,Maxima XXX (antras aukštas),Vilnius,Mindaugo g. 11,03225,54.677542,25.27191,2026-01-01 12:30:01.252,Paštomatas yra antrame aukšte, automobilių parkavimo zonoje.
0137,LT,Maxima X,Vilnius,Antakalnio g. 75A,10213,54.71533,25.316574,2026-01-01 12:30:01.236,Paštomatas yra lauke, matomas iš Antakalnio g.
5101,LT,Maxima XX,Grigiškės,Kovo 11-osios g. 38B,27114,54.669716,25.098743,2026-01-01 12:30:04.592,Paštomatas yra lauke, matomas iš Kovo 11-osios g.
5001,LT,IKI Garliava ,Garliava,Vytauto g. 67,53258,54.822568,23.872817,2026-01-01 12:30:04.572,Paštomatas yra lauke, matomas iš K. Donelaičio g. pusės
4901,LT,Lidl,Vilnius,Dangeručio g. 4,14332,54.78043,25.27602,2026-01-01 12:30:04.566,Paštomatas yra prekybos centro viduje, netoli pašto skyriaus.
4801,LT,Norfa,Kupiškis,Pergalės g. 8,40108,55.844339,24.979961,2026-01-01 12:30:04.554,Paštomatas yra lauke,prie prekybos centro šoninės sienos , matomas iš Pergalės g. pusės.
4701,LT,Norfa,Kuršėnai,Vilniaus g. 2,81156,56.001825,22.938466,2026-01-01 12:30:04.548,Paštomatas yra lauke, prekybos centro kairėje pusėje.
4501,LT,Norfa,Gargždai,Klaipėdos g. 41,96143,55.712477,21.380554,2026-01-13 12:50:17.92,
4201,LT,Maxima X,Kaišiadorys,Gedimino g. 110,56151,54.857444,24.444778,2026-01-01 12:30:04.473,Paštomatas yra lauke, kairėje prekybos centro įėjimo pusėje matomas iš Gedimino g.
4001,LT,Maxima X,Šilalė,Dariaus ir Girėno g. 12,75135,55.490798,22.179388,2026-01-01 12:30:04.432,Paštomatas yra lauke,prie prekybos centro šoninės sienos. Matomas iš Lokystos g. pusės.
3901,LT,Viešoji biblioteka,Lazdijai,Seinų g. 1,67113,54.233826,23.516353,2026-03-12 15:47:04.646,
3801,LT,Maxima XX,Ignalina,Taikos g. 11,30125,55.343368,26.170785,2026-01-01 12:30:04.404,Paštomatas yra lauke, prie prekybos centro.
3601,LT,Maxima X,Zarasai,D. Bukonto g. 7,32132,55.729382,26.244192,2026-01-01 12:30:04.384,Paštomatas yra lauke, prie prekybos centro.
3501,LT,Maxima X,Pasvalys,Vilniaus g. 48,39177,56.056966,24.406857,2026-01-01 12:30:04.379,Paštomatas yra lauke, prie prekybos centro.
3401,LT,Maxima X,Varėna,Savanorių g. 5,65186,54.210461,24.577097,2026-03-12 15:47:39.38,
3301,LT,Maxima X,Šakiai,V. Kudirkos g. 66,71125,54.954394,23.039596,2026-01-01 12:30:04.335,Paštomatas yra lauke, kairėje parduotuvės pusėje.
3201,LT,Maxima X,Prienai,Kauno g. 34,59147,54.645911,23.948606,2026-01-01 12:30:04.308,Paštomatas yra lauke, prie parduotuvės.
3101,LT,Maxima X,Joniškis,Upytės g. 19,84132,56.239922,23.619393,2026-01-01 12:30:04.283,Paštomatas yra lauke, prie prekybos centro.
3001,LT,Norfa,Anykščiai,Žiburio g. 12,29160,55.524932,25.118651,2026-01-01 12:30:04.251,Paštomatas yra lauke, prie įėjimo.
2901,LT,Norfa,Kelmė,S. Šilingo g. 5,86144,55.631886,22.928743,2026-01-01 12:30:04.227,Paštomatas yra lauke,prie prekybos centro šoninės sienos.
2801,LT,Maxima XX,Jurbarkas,Algirdo g. 1A,74133,55.085645,22.769744,2026-01-01 12:30:04.199,Paštomatas yra lauke, prie prekybos centro.
2701,LT,Maxima X,Biržai,Vabalninko g. 8a,41132,56.20048,24.738303,2026-01-01 12:30:04.176,Paštomatas yra lauke, kairėje parduotuvės pusėje, prie pagrindinio įėjimo.
2601,LT,Eoltas,Raseiniai,Žemaičių g. 2,60119,55.38872,23.12812,2026-01-01 12:30:04.136,Paštomatas yra lauke. Matomas iš Žemaičių g.  ir Maironio g. pusės
2501,LT,Aidas, PC,Druskininkai,M. K. Čiurlionio g. 50,66142,54.015626,23.978366,2026-03-12 15:43:16.999,
2401,LT,Maxima XX,Naujoji Akmenė,V. Kudirkos g. 18,85171,56.31768,22.88429,2026-01-01 12:30:04.064,Paštomatas yra lauke prie parduotuvės.
2301,LT,Lidl,Rokiškis,Respublikos g. 113,42150,55.953287,25.591831,2026-01-01 12:30:04.05,Paštomatas yra lauke, matomas nuo Perkūno ir Respublikos gatvės.
2201,LT,Maxima X,Palanga,Plytų g. 9a,00132,55.915588,21.070398,2026-01-13 12:48:29.432,
2101,LT,Maxima XX,Elektrėnai,Rungos g. 4,26109,54.784907,24.658285,2026-01-01 12:30:03.951,Paštomatas yra lauke, prie prekybos centro, matomas iš Rungos gatvės.
2001,LT,Lietuvininkų,Šilutė,Lietuvininkų g. 39,99134,55.34332,21.472376,2026-01-13 12:45:59.167,
1901,LT,Lidl,Radviliškis,Gedimino g. 35,82168,55.81355,23.54675,2026-01-01 12:30:03.868,Paštomatas stovi lauke prie prekybos centro šoninės sienos.
1801,LT,Lidl,Kretinga,Žemaitės al. 12,97112,55.89245,21.26188,2026-01-13 12:42:46.348,
1701,LT,Maxima XX,Plungė,J.Tumo-Vaižganto g. 81,90160,55.904136,21.832345,2026-01-01 12:30:03.723,Paštomatas yra lauke, prie prekybos centro.
1601,LT,Maxima XX,Ukmergė,Žiedo g. 1,20118,55.242714,24.744526,2026-01-01 12:30:03.648,Paštomatas yra lauke, dešinėje parduotuvės pusėje, matomas iš Kauno g. pusės.
1501,LT,Maxima X,Visaginas,Taikos g. 66,31204,55.594613,26.451886,2026-01-01 12:30:03.587,Paštomatas yra lauke, dešinėje prekybos centro pusėje.
1401,LT,Maxima XX,Vilkaviškis,J. Basanavičiaus a. 1,70101,54.649591,23.036479,2026-01-01 12:30:03.528,Paštomatas yra lauke, prie Maxima parduotuvės.
1301,LT,Rimi Telšiai,Telšiai,Plungės g. 4,87317,55.980372,22.235602,2026-01-01 12:30:03.5,Paštomatas yra lauke. Prie prekybos centro šoninės sienos.
1201,LT,Maxima XX,Kėdainiai,J. Basanavičiaus g. 53,57283,55.287512,23.97441,2026-01-01 12:30:03.449,Paštomatas yra lauke, prie prekybos centro.
1101,LT,LIDL,Utena,J. Basanavičiaus g. 121,28214,55.502207,25.617775,2026-01-01 12:30:03.409,Paštomatas yra lauke, prie prekybos centro automobilių stovėjimo aikštelės.
1001,LT,Norfa,Jonava,Chemikų g. 2,55255,55.073169,24.258671,2026-01-01 12:30:03.361,Paštomatas yra lauke, prie įėjimo.
0902,LT,LIDL,Mažeikiai,Daukšos g. 24A,89234,56.30445,22.34881,2026-01-01 12:30:03.305,Paštomatas yra lauke,matomas nuo prekybos centro automobilių aikštelės.
0901,LT,Maxima XX,Mažeikiai,Laisvės g. 56,89223,56.317066,22.340237,2026-01-01 12:30:03.296,Paštomatas yra lauke prie parduotuvės.
0801,LT,LIDL,Tauragė,Dariaus ir Girėno g. 48,72236,55.256225,22.293902,2026-01-01 12:30:03.235,Paštomatas yra lauke , matomas nuo Gedimino g. ir Kovo 11 -osios g. pusių.
0703,LT,IKI Vidzgiris,Alytus,Jaunimo g. 24-1,63351,54.391281,24.021915,2026-03-12 15:32:55.496,
0702,LT,LIDL,Alytus,Jazminų g. 32A,63188,54.399311,24.023676,2026-03-12 15:31:36.732,
0604,LT,Maxima XX,Marijampolė,Bažnyčios g. 38,68309,54.556183,23.346373,2026-01-01 12:30:03.107,Paštomatas yra lauke, matomas iš Laisvės g.
0603,LT,Maxima X,Marijampolė,Sporto g. 16,68236,54.56739,23.365693,2026-01-01 12:30:03.099,Paštomatas yra lauke, matomas iš Sporto gatvės.
0601,LT,Maxima XXX,Marijampolė,V. Kudirkos g. 3,68176,54.559851,23.354595,2026-01-01 12:30:03.09,Paštomatas yra lauke, perkeltas tuo pačiu adresu tik prie kitos Maxima pastato pusės (matomas iš Dariaus ir Girėno g. pusės)
0505,LT,LIDL,Panevėžys,Smėlynės g. 112A,35113,55.744832,24.371174,2026-01-01 12:30:02.987,Paštomatas yra lauke, prie prekybos centro šoninės sienos. Matomas nuo Smėlynės g.
0504,LT,PC Molas,Panevėžys,Klaipėdos g. 143A,37189,55.730017,24.309013,2026-01-01 12:30:02.976,Paštomatas yra lauke, prie prekybos centro, matomas nuo Klaipėdos g.
0503,LT,IKI Basanavičiaus,Panevėžys,Ukmergės g. 18,35201,55.727546,24.365775,2026-01-01 12:30:02.967,Paštomatas yra lauke, prie prekybos centro, matomas nuo autobusų stoties.
0502,LT,Maxima XX,Panevėžys,Respublikos g. 71,35157,55.736981,24.356207,2026-01-01 12:30:02.956,Paštomatas yra lauke, prie parduotuvės prie įėjimo į Casino
0501,LT,Rimi Panevėžys,Panevėžys,Klaipėdos g. 82,35195,55.728259,24.342377,2026-01-01 12:30:02.951,Paštomatas yra lauke, prie parduotuvės šoninės sienos, matomas iš Klaipėdos g. pusės.
0406,LT,Norfa,Šiauliai,M. Valančiaus g. 18,76302,55.938775,23.305227,2026-01-01 12:30:02.86,Paštomatas yra prie įėjimo į prekybos centrą.
0405,LT,IKI Dainai,Šiauliai,Gardino g. 2,78230,55.914001,23.272493,2026-01-01 12:30:02.849,Paštomatas yra lauke, matomas iš Gardino g.
0404,LT,Saulės miestas,Šiauliai,Tilžės g. 109,77159,55.927655,23.306816,2026-01-01 12:30:02.839,Paštomatas yra lauke, prie pagrindinio įėjimo, matomas iš Tilžės g. pusės.
0402,LT,Maxima,Ginkūnai,Rasos g. 1A,81495,55.95333,23.35621,2026-01-01 12:30:02.83,Paštomatas yra lauke,prie prekybos centro šoninės sienos.
0401,LT,Akropolis,Šiauliai,Aido g. 8,78322,55.906864,23.260798,2026-03-03 12:10:03.547,
0312,LT,Čia Market,Klaipėda,Mogiliovo g. 12,95221,55.66367,21.19983,2026-01-13 12:21:45.691,
0311,LT,LIDL,Klaipėda,Smiltelės g. 19,95186,55.669429,21.193021,2026-01-13 12:30:11.859,
0309,LT,Rimi,Klaipėda,Liepojos g. 27,92331,55.75135,21.12998,2026-01-13 12:29:37.117,
0308,LT,IKI Žardė,Klaipėda,Taikos pr. 115,94231,55.671888,21.17108,2026-01-13 12:28:53.605,
0307,LT,Maxima X,Klaipėda,H. Manto g. 11,92130,55.714443,21.129341,2026-01-13 12:28:14.831,
0304,LT,BIG2,Klaipėda,Taikos pr. 141,94284,55.66424,21.177051,2026-01-13 12:27:38.703,
0303,LT,Banginis,Klaipėda,Šilutės pl. 35,94105,55.692623,21.182081,2026-01-13 12:26:47.788,
0302,LT,Studlendas,Klaipėda,H.Manto g. 90-1,92295,55.7283,21.1244,2026-01-13 12:24:05.253,
0301,LT,Akropolis,Klaipėda,Taikos pr. 61,91182,55.694017,21.155806,2026-01-13 12:24:28.98,
0225,LT,Express Market,Kaunas,K. Donelaičio g. 44a,44241,54.898967760,23.918991326,2026-01-01 12:30:02.172,Paštomatas yra lauke, matomas iš Bažnyčios g. pusės.
0224,LT,LIDL,Kaunas,Savanorių pr. 315,50122,54.918952,23.950277,2026-01-01 12:30:02.167,Paštomatas yra lauke, matomas iš prekybos centro automobilių aikštelės.
0223,LT,Rimi Juozapavičiaus,Kaunas,A.Juozapavičiaus pr. 11,45252,54.866074,23.947158,2026-01-01 12:30:02.157,Paštomatas yra lauke, matomas iš Juozapavičiaus pr.
0222,LT,Šilas,Kaunas,Taikos pr. 31A,50229,54.911796,23.947242,2026-01-01 12:30:02.142,Paštomatas yra lauke, matomas iš Taikos pr.
0221,LT,Norfa,Kaunas,Šiaurės pr. 44,49227,54.929447,23.926754,2026-01-01 12:30:02.133,Paštomatas yra lauke, matomas iš Sukilėlių pr.
0220,LT,IKI Girstupis,Kaunas,Kovo 11-osios g. 22,51349,54.906075,23.974789,2026-01-01 12:30:02.117,Paštomatas yra lauke, matomas iš Kovo 11-osios g.
0219,LT,Norfa,Kaunas,Baltų pr. 195,47120,54.916321,23.863576,2026-01-01 12:30:02.101,Paštomatas yra lauke, matomas iš Baltų pr.
0218,LT,LIDL,Kaunas,K. Baršausko g. 66,51436,54.898971,23.963608,2026-01-01 12:30:02.084,Paštomatas yra lauke, matomas iš K. Baršausko g.
0217,LT,IKI Taubūčiai,Kaunas,Jotvingių g. 15 ,48124,54.93007,23.89739,2026-01-01 12:30:02.068,Paštomatas yra lauke, matomas iš Rasytės g.
0216,LT,Maxima XX,Kaunas,V. Krėvės pr. 14B,50416,54.914963,23.962239,2026-01-01 12:30:02.057,Paštomatas yra lauke, prekybos centro įėjimo dešinėje pusėje.
0215,LT,IKI Saulėtekis,Kaunas,V. Krėvės pr. 97,50369,54.924367,23.981633,2026-01-01 12:30:02.047,Paštomatas yra lauke, matomas iš V. Krėvės pr.
0214,LT,Rimi Raudondvaris,Kaunas,Raudondvario pl. 94B,47180,54.908862,23.865671,2026-01-01 12:30:02.039,Paštomatas yra lauke, matomas iš Raudondvario pl.
0213,LT,IKI Lituanica,Kaunas,Jonavos g. 3,44269,54.901078,23.891455,2026-01-01 12:30:02.024,Paštomatas yra lauke, matomas iš Neries upės pusės
0212,LT,Šilas,Kaunas,K. Škirpos g. 17,49211,54.930144,23.943391,2026-01-01 12:30:02.012,Paštomatas yra lauke, matomas iš K. Škirpos g.
0211,LT,Express Market,Kaunas,K. Petrausko g. 6,44149,54.908024,23.929138,2026-01-01 12:30:02.002,Paštomatas yra lauke, matomas iš K. Petrausko g.
0210,LT,Lapių pašto skyrius,Lapės,A. Merkio g. 1,54434,54.974278,24.006146,2026-01-01 12:30:01.988,Paštomatas yra lauke. Prie pašto skyriaus šoninės sienos.
0208,LT,LIDL,Kaunas,A. Juozapavičiaus pr. 125,45267,54.878781,23.932774,2026-01-01 12:30:01.98,Paštomatas yra lauke, matomas iš prekybos centro automobilių stovėjimo aikštelės.
0207,LT,Maxima XXX,Kaunas,Pramonės pr. 29,51270,54.911727,23.982351,2026-01-01 12:30:01.967,Paštomatas yra lauke, prie prekybos centro. Matomas nuo Draugystės gatvės.
0205,LT,MEGA,Kaunas,Islandijos pl. 32,47446,54.939388,23.889033,2026-01-01 12:30:01.951,Paštomatas yra lauke, prie prekybos centro pagrindinio (RIMI) įėjimo.
0204,LT,LIDL,Kaunas,Ežero g. 3,47166,54.91998,23.82545,2026-01-01 12:30:01.937,Paštomatas stovi lauke, matomas iš Raudondvario pl. pusės.
0202,LT,Maxima XXX,Kaunas,Savanorių pr. 255,50147,54.915855,23.937761,2026-01-01 12:30:01.93,Paštomatas yra lauke, prie galinio prekybos centro įėjimo, matomas iš galinės automobilių stovėjimo aikštelės.
0201,LT,Akropolis,Kaunas,Karaliaus Mindaugo pr. 49,44345,54.891918,23.918245,2026-01-01 12:30:01.915,Paštomatas yra lauke prie I-A įėjimo.
0136,LT,CUP,Vilnius,Upės g. 9,09308,54.693839,25.276815,2026-01-01 12:30:01.226,Paštomatas yra 3-iame aukšte, lauke, šalia automobilių stovėjimo aikštelės.
0135,LT, Maxima XX,Vilnius,Laisvės pr. 26,04315,54.690141,25.211428,2026-01-01 12:30:01.213,Paštomatas yra lauke, matomas iš L. Asanavičiūtės g.
0134,LT,IKI Žalieji Ežerai,Vilnius,Visalaukio g. 1,08428,54.778781,25.341272,2026-01-01 12:30:01.204,Paštomatas yra lauke, matomas iš Žaliųjų Ežerų g.
0133,LT,Rimi Kareivių,Vilnius,Kareivių g. 11A,09109,54.718099,25.300493,2026-01-01 12:30:01.188,Paštomatas yra lauke, matomas iš Kareivių g.
0132,LT,Rimi Užupis,Vilnius,Zarasų g. 5A,01205,54.680985,25.312025,2026-01-01 12:30:01.181,Paštomatas yra lauke, prekybos centro įėjimo kairėje pusėje.
0131,LT,LIDL,Vilnius,Justiniškių g. 126,05268,54.729011,25.216651,2026-01-01 12:30:01.165,Paštomatas yra lauke, matomas iš prekybos centro automobilių stovėjimo aištelės.
0130,LT,Maxima XX,Vilnius,Pergalės g. 42,11202,54.681623,25.413954,2026-01-01 12:30:01.152,Paštomatas yra lauke, matomas iš Pergalės g.
0129,LT,LIDL,Vilnius,Ateities g. 4A,08345,54.738421,25.273101,2026-01-01 12:30:01.139,Paštomatas yra lauke. Matomas iš prekybos centro automobilių stovėjimo aikštelės.
0128,LT,PC UNA,Vilnius,Dangeručio g. 1,14332,54.77916,25.27552,2026-01-01 12:30:01.132,Paštomatas yra lauke prie įėjimo.
0127,LT,IKI Papartis,Vilnius,Architektų g. 43,04221,54.674507,25.201412,2026-01-01 12:30:01.116,Paštomatas yra lauke, matomas iš Erfurto g.
0126,LT,IKI Antakalnis,Vilnius,Nemenčinės pl. 2,10109,54.723811,25.319017,2026-01-01 12:30:01.112,Paštomatas yra lauke, matomas iš Nemenčinės pl.
0125,LT,IKI Visoriai,Vilnius,Bajorų kelias 4,08412,54.754545,25.261971,2026-01-01 12:30:01.104,Paštomatas yra lauke, matomas iš Bajorų kelio g.
0124,LT,Simbiocity,Vilnius,V. Gerulaičio g. 10,08200,54.716192,25.277489,2026-01-01 12:30:01.093,Paštomatas yra lauke prie pastato sienos, šalia didelės automobilių aikštelės.
0123,LT,Rimi Erfurtas,Vilnius,Architektų g. 19,04112,54.673866,25.213598,2026-01-01 12:30:01.08,Paštomatas yra lauke, matomas iš Architektų g. pusės.
0122,LT,Maxima XX,Vilnius,Žalgirio g. 105,08211,54.704288,25.282638,2026-01-01 12:30:01.072,Paštomatas yra lauke, matomas iš Žalgirio g.
0121,LT,IKI Fabijoniškės,Vilnius,Fabijoniškių g. 2A,07109,54.722158,25.244963,2026-01-01 12:30:01.061,Paštomatas yra lauke, matomas iš Fabijoniškių g.
0120,LT,Lidl,Vilnius,Juodasis kelias 34,11307,54.662915,25.343329,2026-01-01 12:30:01.052,Paštomatas yra lauke, matomas iš prekybos centro automobilių stovėjimo aikštelės.
0119,LT,Maxima XX,Vilnius,Naugarduko g. 84,03160,54.669262,25.259367,2026-01-01 12:30:01.048,Paštomatas yra lauke, dešinėje prekybos centro įėjimo pusėje.
0117,LT,Lidl,Vilnius,Rinktinės g. 60,09318,54.703042,25.285844,2026-01-01 12:30:01.04,Paštomatas yra lauke,matomas nuo prekybos centro automobilių stovėjimo aištelės.
0116,LT,IKI Mindaugo,Vilnius,Mindaugo g. 25,03214,54.672706,25.274041,2026-01-01 12:30:01.031,Paštomatas yra lauke, matomas iš Kauno g.
0115,LT,BIG,Vilnius,Ukmergės g. 369,06327,54.740122,25.228669,2026-01-01 12:30:01.016,Paštomatas yra lauke, matomas iš Ukmergės g.
0114,LT,Maxima XX,Vilnius,Pilaitės pr. 31,06269,54.709463,25.18811,2026-01-01 12:30:01.007,Paštomatas yra lauke, kairėje prekybos centro įėjimo pusėje, matomas iš Pilaitės pr.
0113,LT,LIDL,Vilnius,Žemaitės g. 16,03201,54.67289,25.25560,2026-01-01 12:30:00.997,Paštomatas yra lauke, matomas nuo prekybos centro automobilių stovėjimo aikštelės.
0112,LT,Verslo trikampis,Vilnius,J. Jasinskio g. 16,03163,54.686609,25.259489,2026-01-01 12:30:00.978,Paštomatas stovi lauke, matomas iš A. Goštauto gatvės pusės.
0111,LT,IKI Vilnius,Vilnius,Žirmūnų g. 2,09214,54.697373,25.299295,2026-01-01 12:30:00.969,Paštomatas yra lauke, matomas iš Žirmūnų g.
0108,LT,Panorama,Vilnius,Saltoniškių g. 9,08105,54.699238,25.258322,2026-01-01 12:30:00.955,Paštomatas stovi -2 prekybos centro aukšte, prie automobilių stovėjimo aikštelės.
0107,LT,Maxima XX,Vilnius,J. Tiškevičiaus g. 22,02231,54.623909,25.109619,2026-01-01 12:30:00.944,Paštomatas yra lauke, matomas iš Galvės g.
0106,LT,PC Pašilaičiai,Vilnius,Pavilnionių g. 55,12144,54.73623,25.21037,2026-01-01 12:30:00.937,Paštomatas stovi prekybos centro mašinų stovėjimo aikštelėje.
0104,LT,Banginis,Vilnius,P. Lukšio g. 34,08235,54.709834,25.301959,2026-01-01 12:30:00.918,Paštomatas yra lauke, prie prekybos centro, kairėje pusėje.
0103,LT,Norfa,Vilnius,Minsko pl. 3,02121,54.65219,25.30526,2026-01-01 12:30:00.908,Paštomatas yra lauke, prekybos centro dešinėje pusėje, matomas iš Minsko plento.
0102,LT,Maxima XXX,Vilnius,Ukmergės g. 282,06115,54.727675,25.238565,2026-01-01 12:30:00.893,Paštomatas yra lauke, prie galinio prekybos centro įėjimo, iš J. Baltrušaičio g. pusės.
0101,LT,Akropolis,Vilnius,Ozo g. 25,07150,54.70988,25.263523,2026-01-01 12:30:00.878,Paštomatas yra lauke, prie 4-ojo prekybos centro įėjimo
